fecha,dia,open,baja,cierre,max_alta,hora_pico,hora_baja,min_pico,recuperacion,rec_pct,dev_max,mfe_mae,acumulado
2019-05-05,Sun,11153.25,-80.0,-8.0,69.0,15:30,,1290,72.0,90.0,-77.0,0.9,-8.0
2019-05-06,Mon,11149.75,-164.0,-73.0,59.0,02:30,,510,91.0,55.0,-132.0,0.4,-81.0
2019-05-07,Tue,11073.0,-68.0,-27.0,29.0,04:15,,615,41.0,60.0,-56.0,0.4,-108.0
2019-05-12,Sun,11005.5,-296.0,-287.0,0.0,18:00,,,10.0,3.0,-287.0,,-395.0
2019-05-13,Mon,10720.0,-30.0,111.0,144.0,13:30,,1170,140.0,475.0,-34.0,4.8,-284.0
2019-05-14,Tue,10831.5,-73.0,100.0,112.0,14:15,,1215,174.0,237.0,-11.0,1.5,-184.0
2019-05-19,Sun,10917.25,-151.0,-107.0,47.0,21:00,,180,44.0,29.0,-154.0,0.3,-291.0
2019-05-20,Mon,10810.5,-5.0,56.0,79.0,14:30,,1230,61.0,1157.0,-24.0,15.8,-236.0
2019-05-21,Tue,10863.75,-68.0,-34.0,16.0,18:45,,45,35.0,51.0,-49.0,0.2,-269.0
2019-05-26,Sun,10719.25,-22.0,4.0,24.0,03:15,,555,26.0,118.0,-20.0,1.1,-265.0
2019-05-27,Mon,10719.0,-34.0,-23.0,57.0,09:30,,930,11.0,33.0,-80.0,1.7,-288.0
2019-05-28,Tue,10695.25,-108.0,-77.0,5.0,18:30,,30,31.0,29.0,-82.0,0.0,-365.0
2019-06-02,Sun,10519.25,-174.0,-105.0,18.0,09:30,,930,69.0,40.0,-123.0,0.1,-105.0
2019-06-03,Mon,10412.75,-27.0,179.0,179.0,16:45,,1365,206.0,769.0,0.0,6.6,74.0
2019-06-04,Tue,10592.75,-38.0,42.0,57.0,06:00,,720,81.0,210.0,-15.0,1.5,116.0
2019-06-09,Sun,10865.75,-30.0,58.0,117.0,11:45,,1065,88.0,296.0,-59.0,3.9,174.0
2019-06-10,Mon,10920.5,-24.0,3.0,85.0,09:30,,930,26.0,112.0,-82.0,3.5,177.0
2019-06-11,Tue,10923.5,-58.0,-43.0,12.0,20:15,,135,16.0,27.0,-55.0,0.2,135.0
2019-06-16,Sun,10888.25,-3.0,58.0,67.0,11:00,,1020,61.0,2042.0,-9.0,22.3,193.0
2019-06-17,Mon,10945.75,-27.0,103.0,154.0,10:45,,1005,130.0,481.0,-51.0,5.7,296.0
2019-06-18,Tue,11044.75,-37.0,30.0,46.0,14:00,,1200,68.0,181.0,-16.0,1.2,326.0
2019-06-23,Sun,11121.5,-27.0,12.0,50.0,23:45,,345,39.0,142.0,-39.0,1.9,337.0
2019-06-24,Mon,11132.25,-145.0,-120.0,25.0,21:00,,180,26.0,18.0,-145.0,0.2,218.0
2019-06-25,Tue,11013.0,-20.0,7.0,84.0,09:30,,930,27.0,136.0,-77.0,4.2,225.0
2019-06-30,Sun,11127.75,0.0,41.0,100.0,09:30,,930,41.0,,-59.0,,265.0
2019-07-01,Mon,11172.0,-32.0,46.0,49.0,16:30,,1350,78.0,246.0,-3.0,1.5,312.0
2019-07-02,Tue,11220.0,-18.0,47.0,51.0,13:00,,1140,64.0,362.0,-4.0,2.8,358.0
2019-07-07,Sun,11232.5,-77.0,-53.0,9.0,18:00,,,24.0,31.0,-62.0,0.1,305.0
2019-07-08,Mon,11179.5,-59.0,46.0,57.0,15:45,,1305,105.0,178.0,-11.0,1.0,351.0
2019-07-09,Tue,11225.0,-36.0,79.0,102.0,09:45,,945,115.0,319.0,-23.0,2.8,430.0
2019-07-14,Sun,11333.75,-15.0,28.0,36.0,15:30,,1290,43.0,287.0,-8.0,2.4,458.0
2019-07-15,Mon,11360.75,-59.0,-46.0,18.0,01:45,,465,14.0,23.0,-64.0,0.3,412.0
2019-07-16,Tue,11315.0,-69.0,-68.0,29.0,04:00,,600,1.0,1.0,-97.0,0.4,344.0
2019-07-21,Sun,11204.25,-1.0,101.0,110.0,15:00,,1260,102.0,8180.0,-9.0,110.0,445.0
2019-07-22,Mon,11305.5,-20.0,14.0,58.0,16:30,,1350,33.0,168.0,-44.0,2.9,458.0
2019-07-23,Tue,11322.5,-19.0,57.0,107.0,16:00,,1320,76.0,395.0,-50.0,5.6,515.0
2019-07-28,Sun,11393.0,-64.0,-10.0,16.0,07:45,,825,54.0,85.0,-26.0,0.2,505.0
2019-07-29,Mon,11379.75,-74.0,-13.0,18.0,22:30,,270,61.0,82.0,-31.0,0.2,492.0
2019-07-30,Tue,11368.25,-209.0,-152.0,11.0,04:15,,615,57.0,27.0,-163.0,0.1,340.0
2019-08-04,Sun,11083.5,-346.0,-338.0,0.0,18:00,,,9.0,3.0,-338.0,,3.0
2019-08-05,Mon,10729.5,-127.0,166.0,197.0,14:30,,1230,293.0,230.0,-31.0,1.6,168.0
2019-08-06,Tue,10892.0,-127.0,36.0,63.0,15:30,,1290,163.0,128.0,-27.0,0.5,204.0
2019-08-11,Sun,11031.5,-119.0,-83.0,56.0,03:15,,555,36.0,30.0,-139.0,0.5,121.0
2019-08-12,Mon,10946.75,-56.0,182.0,220.0,10:15,,975,237.0,427.0,-38.0,3.9,303.0
2019-08-13,Tue,11127.0,-272.0,-272.0,18.0,21:15,,195,0.0,0.0,-290.0,0.1,31.0
2019-08-18,Sun,10992.5,-2.0,105.0,135.0,13:15,,1155,107.0,5338.0,-31.0,67.5,136.0
2019-08-19,Mon,11097.5,-65.0,-63.0,33.0,02:00,,480,2.0,2.0,-96.0,0.5,73.0
2019-08-20,Tue,11035.0,-6.0,102.0,108.0,09:30,,930,108.0,1792.0,-7.0,18.0,174.0
2019-08-25,Sun,10831.5,-142.0,134.0,172.0,05:30,,690,276.0,194.0,-38.0,1.2,308.0
2019-08-26,Mon,10968.0,-54.0,-26.0,58.0,09:45,,945,28.0,53.0,-84.0,1.1,283.0
2019-08-27,Tue,10946.0,-65.0,12.0,37.0,15:15,,1275,77.0,119.0,-25.0,0.6,295.0
2019-09-01,Sun,11021.5,-63.0,-30.0,52.0,06:30,,750,33.0,52.0,-82.0,0.8,265.0
2019-09-02,Mon,10994.25,-29.0,0.0,60.0,09:45,,945,29.0,99.0,-60.0,2.1,265.0
2019-09-03,Tue,10995.0,-9.0,106.0,112.0,03:30,,570,115.0,1241.0,-7.0,12.4,370.0
2019-09-08,Sun,11235.75,-60.0,-25.0,29.0,21:30,,210,35.0,58.0,-54.0,0.5,-25.0
2019-09-09,Mon,11210.5,-89.0,-15.0,25.0,20:00,,120,74.0,84.0,-39.0,0.3,-40.0
2019-09-10,Tue,11195.75,-32.0,74.0,82.0,16:30,,1350,106.0,332.0,-8.0,2.6,34.0
2019-09-15,Sun,11241.75,-88.0,1.0,9.0,10:00,,960,88.0,101.0,-9.0,0.1,35.0
2019-09-16,Mon,11242.0,-36.0,30.0,35.0,16:00,,1320,67.0,183.0,-5.0,1.0,65.0
2019-09-17,Tue,11268.75,-100.0,9.0,16.0,16:30,,1350,109.0,109.0,-7.0,0.2,74.0
2019-09-22,Sun,11189.75,-27.0,34.0,63.0,18:15,,15,61.0,227.0,-29.0,2.3,108.0
2019-09-23,Mon,11221.75,-165.0,-129.0,38.0,19:00,,60,36.0,22.0,-166.0,0.2,-21.0
2019-09-24,Tue,11090.5,-72.0,88.0,109.0,15:45,,1305,160.0,223.0,-21.0,1.5,67.0
2019-09-29,Sun,11083.0,-22.0,58.0,61.0,16:45,,1365,80.0,358.0,-4.0,2.8,125.0
2019-09-30,Mon,11136.25,-90.0,-71.0,61.0,09:45,,945,19.0,21.0,-132.0,0.7,54.0
2019-10-01,Tue,11066.0,-185.0,-156.0,20.0,20:00,,120,29.0,16.0,-176.0,0.1,-103.0
2019-10-06,Sun,11088.5,-35.0,6.0,67.0,13:30,,1170,40.0,117.0,-61.0,1.9,-97.0
2019-10-07,Mon,11095.25,-127.0,-117.0,45.0,02:00,,480,10.0,8.0,-161.0,0.4,-213.0
2019-10-08,Tue,10977.75,-18.0,82.0,109.0,15:30,,1290,100.0,569.0,-27.0,6.1,-131.0
2019-10-13,Sun,11208.75,-47.0,6.0,41.0,20:00,,120,53.0,113.0,-35.0,0.9,-125.0
2019-10-14,Mon,11214.0,0.0,101.0,113.0,14:15,,1215,101.0,,-12.0,,-24.0
2019-10-15,Tue,11316.5,-54.0,-8.0,0.0,18:00,,,46.0,86.0,-8.0,,-32.0
2019-10-20,Sun,11231.0,-11.0,72.0,76.0,15:45,,1305,83.0,772.0,-3.0,6.9,41.0
2019-10-21,Mon,11303.5,-111.0,-106.0,40.0,09:45,,945,5.0,4.0,-147.0,0.4,-66.0
2019-10-22,Tue,11205.25,-40.0,66.0,68.0,16:00,,1320,106.0,268.0,-2.0,1.7,1.0
2019-10-27,Sun,11403.25,0.0,63.0,79.0,15:15,,1275,63.0,,-16.0,,63.0
2019-10-28,Mon,11461.25,-56.0,-50.0,13.0,20:45,,165,6.0,10.0,-63.0,0.2,13.0
2019-10-29,Tue,11412.0,-36.0,61.0,85.0,16:30,,1350,97.0,269.0,-25.0,2.4,74.0
2019-11-03,Sun,11519.25,0.0,54.0,70.0,09:30,,930,54.0,,-16.0,,128.0
2019-11-04,Mon,11573.5,-25.0,-6.0,30.0,05:45,,705,19.0,75.0,-36.0,1.2,122.0
2019-11-05,Tue,11564.5,-48.0,3.0,19.0,03:30,,570,51.0,107.0,-16.0,0.4,125.0
2019-11-10,Sun,11613.75,-52.0,-6.0,4.0,18:00,,,46.0,89.0,-9.0,0.1,120.0
2019-11-11,Mon,11605.5,-22.0,21.0,50.0,11:15,,1035,42.0,197.0,-29.0,2.3,140.0
2019-11-12,Tue,11626.5,-51.0,-1.0,11.0,12:30,,1110,50.0,98.0,-12.0,0.2,139.0
2019-11-17,Sun,11674.75,-40.0,15.0,47.0,02:15,,495,55.0,137.0,-32.0,1.2,154.0
2019-11-18,Mon,11691.0,-23.0,-1.0,44.0,06:00,,720,22.0,96.0,-45.0,1.9,153.0
2019-11-19,Tue,11689.75,-104.0,-46.0,14.0,10:45,,1005,58.0,56.0,-60.0,0.1,107.0
2019-11-24,Sun,11642.75,0.0,87.0,92.0,16:45,,1365,87.0,,-6.0,,194.0
2019-11-25,Mon,11727.75,-6.0,30.0,49.0,20:45,,165,36.0,604.0,-18.0,8.2,224.0
2019-11-26,Tue,11756.0,-4.0,56.0,58.0,16:45,,1365,60.0,1700.0,-2.0,14.5,280.0
2019-12-01,Sun,11779.25,-148.0,-114.0,33.0,03:45,,585,34.0,23.0,-147.0,0.2,166.0
2019-12-02,Mon,11663.25,-140.0,-53.0,29.0,00:30,,390,87.0,62.0,-82.0,0.2,113.0
2019-12-03,Tue,11613.0,-37.0,39.0,62.0,10:00,,960,76.0,206.0,-23.0,1.7,153.0
2019-12-08,Sun,11756.75,-55.0,-51.0,26.0,09:45,,945,5.0,9.0,-76.0,0.5,102.0
2019-12-09,Mon,11709.0,-57.0,15.0,45.0,11:00,,1020,72.0,126.0,-30.0,0.8,117.0
2019-12-10,Tue,11720.5,-20.0,43.0,46.0,15:00,,1260,63.0,312.0,-3.0,2.3,160.0
2019-12-16,Mon,11932.5,-13.0,-4.0,20.0,02:30,,510,10.0,72.0,-24.0,1.5,-4.0
2019-12-17,Tue,11927.5,-6.0,24.0,40.0,11:30,,1050,30.0,513.0,-16.0,6.7,20.0
2019-12-22,Sun,12036.75,-5.0,18.0,33.0,08:30,,870,24.0,448.0,-15.0,6.6,38.0
2019-12-23,Mon,12054.5,-21.0,2.0,8.0,07:30,,810,23.0,110.0,-6.0,0.4,40.0
2019-12-29,Sun,12107.0,-90.0,-49.0,29.0,22:30,,270,41.0,46.0,-78.0,0.3,-8.0
2019-12-30,Mon,12058.5,-40.0,40.0,40.0,16:45,,1365,79.0,199.0,-1.0,1.0,31.0
2020-01-05,Sun,12111.0,-62.0,68.0,88.0,16:00,,1320,130.0,211.0,-20.0,1.4,99.0
2020-01-06,Mon,12178.25,-27.0,-8.0,43.0,03:45,,585,19.0,71.0,-51.0,1.6,92.0
2020-01-07,Tue,12169.5,-165.0,103.0,130.0,15:30,,1290,268.0,163.0,-26.0,0.8,195.0
2020-01-12,Sun,12305.25,0.0,111.0,118.0,16:30,,1350,111.0,,-7.0,,306.0
2020-01-13,Mon,12415.0,-54.0,-26.0,26.0,19:15,,75,28.0,52.0,-52.0,0.5,280.0
2020-01-14,Tue,12389.0,-40.0,-1.0,34.0,10:45,,1005,39.0,98.0,-34.0,0.8,280.0
2020-01-19,Sun,12500.25,-14.0,2.0,13.0,19:15,,75,16.0,115.0,-11.0,0.9,282.0
2020-01-20,Mon,12502.5,-62.0,-1.0,24.0,11:30,,1050,61.0,98.0,-25.0,0.4,281.0
2020-01-21,Tue,12505.5,-5.0,9.0,75.0,10:30,,990,13.0,289.0,-67.0,15.0,289.0
2020-01-26,Sun,12424.75,-172.0,-138.0,0.0,18:00,,,34.0,20.0,-138.0,,151.0
2020-01-27,Mon,12280.5,-2.0,170.0,182.0,16:30,,1350,172.0,11433.0,-12.0,91.0,321.0
2020-01-28,Tue,12447.25,-49.0,-15.0,38.0,09:30,,930,34.0,69.0,-53.0,0.8,306.0
2020-02-02,Sun,12310.25,-9.0,122.0,172.0,10:30,,990,131.0,1494.0,-50.0,19.1,428.0
2020-02-03,Mon,12426.75,-27.0,261.0,269.0,16:45,,1365,288.0,1067.0,-8.0,10.0,689.0
2020-02-04,Tue,12682.0,-37.0,33.0,109.0,08:45,,885,70.0,189.0,-76.0,2.9,722.0
2020-02-09,Sun,12727.75,-71.0,126.0,131.0,16:00,,1320,196.0,278.0,-5.0,1.8,848.0
2020-02-10,Mon,12849.5,-22.0,10.0,87.0,10:30,,990,31.0,144.0,-77.0,4.0,857.0
2020-02-11,Tue,12862.5,-12.0,87.0,92.0,16:00,,1320,99.0,843.0,-5.0,7.7,944.0
2020-02-16,Sun,12958.5,-1.0,34.0,55.0,01:15,,435,35.0,2820.0,-21.0,55.0,978.0
2020-02-17,Mon,12969.0,-109.0,-2.0,12.0,15:15,,1275,107.0,98.0,-14.0,0.1,976.0
2020-02-18,Tue,12969.0,-2.0,91.0,106.0,14:30,,1230,93.0,4663.0,-15.0,53.0,1068.0
2020-02-23,Sun,12692.25,-325.0,-269.0,0.0,18:00,,,56.0,17.0,-269.0,,799.0
2020-02-24,Mon,12419.25,-283.0,-219.0,132.0,02:00,,480,64.0,22.0,-351.0,0.5,579.0
2020-02-25,Tue,12194.0,-158.0,-45.0,170.0,10:45,,1005,113.0,72.0,-215.0,1.1,534.0
2020-03-01,Sun,11702.75,-128.0,443.0,507.0,16:00,,1320,571.0,447.0,-64.0,4.0,978.0
2020-03-02,Mon,12156.75,-320.0,-271.0,173.0,10:00,,960,49.0,15.0,-443.0,0.5,707.0
2020-03-03,Tue,11885.5,-52.0,330.0,391.0,15:45,,1305,382.0,738.0,-61.0,7.5,1037.0
2020-03-08,Sun,11744.75,-617.0,-505.0,0.0,18:00,,,112.0,18.0,-505.0,,532.0
2020-03-09,Mon,11221.0,-79.0,462.0,486.0,16:00,,1320,541.0,685.0,-24.0,6.2,994.0
2020-03-10,Tue,11650.75,-432.0,-319.0,10.0,18:00,,,113.0,26.0,-329.0,0.0,675.0
2020-03-15,Sun,11227.0,-974.0,-844.0,2.0,18:00,,,130.0,13.0,-846.0,0.0,-169.0
2020-03-16,Mon,10401.5,-123.0,297.0,483.0,12:00,,1080,420.0,342.0,-186.0,3.9,129.0
2020-03-17,Tue,10691.0,-534.0,-103.0,36.0,18:00,,,430.0,81.0,-140.0,0.1,26.0
2020-03-22,Sun,10200.25,-224.0,120.0,467.0,08:15,,855,344.0,154.0,-347.0,2.1,146.0
2020-03-23,Mon,10352.75,0.0,552.0,568.0,16:45,,1365,552.0,,-16.0,,698.0
2020-03-24,Tue,10898.25,-178.0,-73.0,212.0,13:45,,1185,106.0,59.0,-284.0,1.2,625.0
2020-03-29,Sun,10793.75,-55.0,409.0,439.0,15:45,,1305,464.0,843.0,-30.0,8.0,409.0
2020-03-30,Mon,11202.75,-108.0,-75.0,140.0,10:30,,990,33.0,31.0,-215.0,1.3,334.0
2020-03-31,Tue,11119.25,-368.0,-309.0,7.0,18:00,,,60.0,16.0,-316.0,0.0,26.0
2020-04-05,Sun,10878.5,0.0,506.0,568.0,15:45,,1305,506.0,,-62.0,,532.0
2020-04-06,Mon,11381.75,-87.0,-34.0,270.0,06:15,,735,53.0,61.0,-304.0,3.1,498.0
2020-04-07,Tue,11360.25,-60.0,189.0,229.0,15:45,,1305,248.0,415.0,-41.0,3.8,686.0
2020-04-12,Sun,11623.5,-201.0,61.0,62.0,16:45,,1365,262.0,130.0,-1.0,0.3,747.0
2020-04-13,Mon,11683.25,-17.0,368.0,373.0,15:45,,1305,385.0,2296.0,-5.0,21.9,1115.0
2020-04-14,Tue,12053.25,-219.0,-127.0,0.0,18:00,,,93.0,42.0,-127.0,,988.0
2020-04-19,Sun,12148.25,-115.0,-86.0,45.0,11:30,,1050,29.0,25.0,-131.0,0.4,902.0
2020-04-20,Mon,12045.75,-356.0,-261.0,65.0,21:15,,195,95.0,27.0,-326.0,0.2,641.0
2020-04-21,Tue,11792.25,-45.0,188.0,255.0,15:45,,1305,233.0,514.0,-67.0,5.7,828.0
2020-04-26,Sun,12114.25,-38.0,50.0,131.0,01:45,,465,88.0,232.0,-81.0,3.4,878.0
2020-04-27,Mon,12166.0,-164.0,-119.0,128.0,06:00,,720,45.0,27.0,-247.0,0.8,759.0
2020-04-28,Tue,12105.25,-24.0,361.0,362.0,16:45,,1365,385.0,1588.0,-1.0,15.1,1120.0
2020-05-03,Sun,12001.75,-98.0,154.0,173.0,15:45,,1305,252.0,258.0,-19.0,1.8,1274.0
2020-05-04,Mon,12153.0,-9.0,128.0,214.0,14:45,,1245,136.0,1557.0,-87.0,23.8,1402.0
2020-05-05,Tue,12277.5,-52.0,16.0,127.0,13:45,,1185,69.0,131.0,-110.0,2.4,1418.0
2020-05-10,Sun,12546.5,-80.0,81.0,140.0,15:00,,1260,162.0,201.0,-59.0,1.8,1499.0
2020-05-11,Mon,12628.75,-241.0,-238.0,65.0,09:30,,930,3.0,1.0,-303.0,0.3,1261.0
2020-05-12,Tue,12395.25,-170.0,-35.0,155.0,10:30,,990,135.0,79.0,-190.0,0.9,1226.0
2020-05-17,Sun,12469.0,-12.0,197.0,240.0,13:15,,1155,208.0,1809.0,-44.0,20.0,1423.0
2020-05-18,Mon,12664.5,-34.0,-23.0,100.0,02:45,,525,11.0,33.0,-123.0,2.9,1400.0
2020-05-19,Tue,12638.5,-18.0,203.0,207.0,16:45,,1365,221.0,1244.0,-4.0,11.5,1603.0
2020-05-24,Sun,12752.0,-14.0,128.0,132.0,11:15,,1035,142.0,1014.0,-4.0,9.4,1731.0
2020-05-25,Mon,12877.5,-157.0,-118.0,74.0,02:30,,510,40.0,25.0,-192.0,0.5,1613.0
2020-05-26,Tue,12757.25,-237.0,33.0,98.0,05:45,,705,269.0,114.0,-66.0,0.4,1646.0
2020-05-31,Sun,12888.5,-91.0,53.0,65.0,13:30,,1170,144.0,159.0,-12.0,0.7,1699.0
2020-06-01,Mon,12936.5,-84.0,69.0,81.0,06:15,,735,153.0,182.0,-12.0,1.0,1769.0
2020-06-02,Tue,13004.5,-22.0,33.0,71.0,15:45,,1305,54.0,249.0,-39.0,3.2,1801.0
2020-06-07,Sun,13166.5,-72.0,65.0,82.0,15:45,,1305,138.0,190.0,-17.0,1.1,1866.0
2020-06-08,Mon,13234.75,-76.0,75.0,120.0,15:15,,1275,150.0,198.0,-46.0,1.6,1941.0
2020-06-09,Tue,13307.5,-3.0,128.0,196.0,15:30,,1290,131.0,5220.0,-68.0,65.3,2069.0
2020-06-14,Sun,12887.75,-159.0,273.0,277.0,16:30,,1350,433.0,272.0,-4.0,1.7,2342.0
2020-06-15,Mon,13162.25,-14.0,159.0,202.0,10:15,,975,173.0,1255.0,-43.0,14.4,2501.0
2020-06-16,Tue,13312.75,-36.0,36.0,97.0,13:30,,1170,72.0,199.0,-61.0,2.7,2536.0
2020-06-21,Sun,13246.25,-43.0,236.0,250.0,16:30,,1350,279.0,646.0,-14.0,5.8,2772.0
2020-06-22,Mon,13482.25,-148.0,57.0,176.0,13:45,,1185,205.0,139.0,-119.0,1.2,2829.0
2020-06-23,Tue,13545.25,-256.0,-168.0,58.0,00:30,,390,88.0,34.0,-226.0,0.2,2661.0
2020-06-28,Sun,13158.25,-68.0,190.0,201.0,16:30,,1350,257.0,381.0,-11.0,3.0,2851.0
2020-06-29,Mon,13345.75,-44.0,155.0,188.0,15:45,,1305,199.0,451.0,-33.0,4.3,3005.0
2020-06-30,Tue,13502.75,-65.0,115.0,168.0,15:45,,1305,180.0,275.0,-54.0,2.6,3120.0
2020-07-05,Sun,13695.75,0.0,264.0,280.0,11:30,,1050,264.0,,-16.0,,264.0
2020-07-06,Mon,13960.75,-93.0,-72.0,96.0,11:15,,1035,21.0,23.0,-168.0,1.0,192.0
2020-07-07,Tue,13889.5,-23.0,144.0,146.0,16:45,,1365,166.0,739.0,-2.0,6.3,336.0
2020-07-12,Sun,14209.25,-286.0,-246.0,211.0,11:30,,1050,40.0,14.0,-457.0,0.7,90.0
2020-07-13,Mon,13963.0,-243.0,41.0,92.0,02:30,,510,284.0,117.0,-51.0,0.4,131.0
2020-07-14,Tue,14048.25,-135.0,2.0,80.0,09:30,,930,137.0,101.0,-78.0,0.6,133.0
2020-07-19,Sun,13983.75,-77.0,325.0,342.0,15:45,,1305,402.0,525.0,-17.0,4.4,459.0
2020-07-20,Mon,14314.0,-168.0,-107.0,106.0,04:15,,615,61.0,36.0,-212.0,0.6,352.0
2020-07-21,Tue,14212.25,-89.0,-6.0,66.0,22:30,,270,83.0,93.0,-72.0,0.7,346.0
2020-07-26,Sun,13850.0,-88.0,195.0,196.0,16:45,,1365,282.0,322.0,-2.0,2.2,541.0
2020-07-27,Mon,14044.75,-169.0,-135.0,76.0,21:15,,195,35.0,21.0,-210.0,0.4,406.0
2020-07-28,Tue,13919.5,-46.0,142.0,142.0,16:45,,1365,188.0,410.0,0.0,3.1,548.0
2020-08-02,Sun,14290.5,-53.0,123.0,144.0,14:30,,1230,176.0,335.0,-21.0,2.7,671.0
2020-08-03,Mon,14414.25,-70.0,26.0,42.0,16:00,,1320,96.0,137.0,-16.0,0.6,697.0
2020-08-04,Tue,14441.0,-24.0,17.0,64.0,05:45,,705,41.0,172.0,-47.0,2.7,714.0
2020-08-09,Sun,14501.75,-212.0,-60.0,19.0,18:00,,,152.0,72.0,-79.0,0.1,654.0
2020-08-10,Mon,14434.25,-227.0,-162.0,85.0,05:00,,660,65.0,29.0,-247.0,0.4,492.0
2020-08-11,Tue,14285.0,-45.0,194.0,261.0,14:00,,1200,239.0,532.0,-67.0,5.8,686.0
2020-08-16,Sun,14507.0,0.0,142.0,155.0,15:30,,1290,142.0,,-13.0,,828.0
2020-08-17,Mon,14647.0,-17.0,129.0,130.0,15:15,,1275,146.0,869.0,-1.0,7.6,957.0
2020-08-18,Tue,14775.25,-115.0,-92.0,31.0,18:00,,,23.0,20.0,-123.0,0.3,865.0
2020-08-23,Sun,14941.75,-52.0,53.0,143.0,09:30,,930,105.0,202.0,-90.0,2.8,918.0
2020-08-24,Mon,14996.5,-60.0,101.0,110.0,16:45,,1365,161.0,268.0,-9.0,1.8,1019.0
2020-08-25,Tue,15101.0,-13.0,245.0,263.0,16:30,,1350,258.0,2020.0,-18.0,20.2,1264.0
2020-08-30,Sun,15364.75,-15.0,104.0,162.0,15:45,,1305,118.0,802.0,-59.0,10.8,1367.0
2020-08-31,Mon,15470.75,-16.0,220.0,221.0,16:45,,1365,236.0,1477.0,-1.0,13.8,1587.0
2020-09-01,Tue,15688.5,-155.0,80.0,139.0,05:45,,705,234.0,152.0,-60.0,0.9,1667.0
2020-09-06,Sun,14893.25,-224.0,-26.0,17.0,18:00,,,198.0,88.0,-43.0,0.1,1641.0
2020-09-07,Mon,14866.75,-464.0,-461.0,81.0,18:45,,45,3.0,1.0,-542.0,0.2,1180.0
2020-09-08,Tue,14376.0,-79.0,356.0,465.0,13:00,,1140,435.0,549.0,-109.0,5.9,1536.0
2020-09-13,Sun,14456.5,0.0,178.0,268.0,10:15,,975,178.0,,-89.0,,1714.0
2020-09-14,Mon,14637.25,-29.0,185.0,219.0,13:00,,1140,214.0,739.0,-34.0,7.6,1900.0
2020-09-15,Tue,14825.0,-227.0,-199.0,87.0,06:45,,765,28.0,12.0,-286.0,0.4,1700.0
2020-09-20,Sun,14301.75,-270.0,58.0,83.0,16:45,,1365,328.0,121.0,-25.0,0.3,1758.0
2020-09-21,Mon,14347.5,-76.0,180.0,220.0,15:45,,1305,256.0,338.0,-40.0,2.9,1938.0
2020-09-22,Tue,14535.0,-374.0,-341.0,62.0,05:45,,705,33.0,9.0,-404.0,0.2,1597.0
2020-09-27,Sun,14514.75,-4.0,256.0,265.0,16:30,,1350,260.0,6494.0,-9.0,66.2,1853.0
2020-09-28,Mon,14763.25,-99.0,-69.0,61.0,01:00,,420,30.0,30.0,-129.0,0.6,1784.0
2020-09-29,Tue,14696.0,-154.0,37.0,204.0,14:00,,1200,190.0,124.0,-168.0,1.3,1821.0
2020-10-04,Sun,14660.0,-17.0,184.0,212.0,15:45,,1305,201.0,1164.0,-28.0,12.5,2004.0
2020-10-05,Mon,14849.75,-278.0,-267.0,49.0,14:45,,1245,11.0,4.0,-316.0,0.2,1737.0
2020-10-06,Tue,14592.0,-9.0,258.0,290.0,15:00,,1260,267.0,3046.0,-33.0,32.2,1995.0
2020-10-11,Sun,15103.5,-37.0,361.0,468.0,14:15,,1215,398.0,1074.0,-108.0,12.6,361.0
2020-10-12,Mon,15473.5,-81.0,-19.0,150.0,06:30,,750,62.0,77.0,-169.0,1.9,342.0
2020-10-13,Tue,15454.75,-178.0,-137.0,98.0,02:45,,525,42.0,23.0,-235.0,0.6,205.0
2020-10-18,Sun,15190.5,-224.0,-122.0,135.0,09:45,,945,102.0,45.0,-257.0,0.6,83.0
2020-10-19,Mon,15072.5,-99.0,-45.0,94.0,13:45,,1185,54.0,54.0,-140.0,0.9,38.0
2020-10-20,Tue,15047.75,-92.0,15.0,106.0,09:45,,945,107.0,116.0,-91.0,1.2,53.0
2020-10-25,Sun,15025.0,-307.0,-153.0,46.0,10:00,,960,155.0,50.0,-198.0,0.1,-100.0
2020-10-26,Mon,14872.25,-20.0,57.0,126.0,15:45,,1305,76.0,390.0,-69.0,6.3,-44.0
2020-10-27,Tue,14935.5,-437.0,-383.0,6.0,02:00,,480,54.0,12.0,-389.0,0.0,-427.0
2020-11-01,Sun,14413.75,-97.0,36.0,173.0,09:45,,945,132.0,137.0,-138.0,1.8,-391.0
2020-11-02,Mon,14450.0,-10.0,171.0,272.0,11:00,,1020,182.0,1771.0,-101.0,27.2,-220.0
2020-11-03,Tue,14631.25,-27.0,558.0,589.0,16:30,,1350,584.0,2205.0,-31.0,21.8,338.0
2020-11-08,Sun,15509.5,-322.0,-290.0,273.0,23:30,,330,33.0,10.0,-563.0,0.8,48.0
2020-11-09,Mon,15238.0,-360.0,-238.0,38.0,18:15,,15,123.0,34.0,-276.0,0.1,-189.0
2020-11-10,Tue,15009.5,-60.0,264.0,285.0,16:30,,1350,324.0,542.0,-21.0,4.8,75.0
2020-11-15,Sun,15328.25,-100.0,87.0,112.0,18:45,,45,187.0,186.0,-25.0,1.1,161.0
2020-11-16,Mon,15435.0,-106.0,-91.0,33.0,18:00,,,15.0,14.0,-124.0,0.3,70.0
2020-11-17,Tue,15347.75,-111.0,-99.0,55.0,12:30,,1110,12.0,11.0,-154.0,0.5,-29.0
2020-11-22,Sun,15282.5,-100.0,9.0,94.0,09:45,,945,108.0,109.0,-86.0,0.9,-20.0
2020-11-23,Mon,15289.75,-43.0,187.0,190.0,16:45,,1365,229.0,539.0,-4.0,4.4,167.0
2020-11-24,Tue,15473.75,-21.0,69.0,79.0,16:45,,1365,90.0,438.0,-10.0,3.8,236.0
2020-11-29,Sun,15661.0,-201.0,34.0,51.0,18:00,,,234.0,117.0,-17.0,0.3,270.0
2020-11-30,Mon,15702.25,-16.0,131.0,185.0,14:00,,1200,146.0,944.0,-54.0,11.6,400.0
2020-12-01,Tue,15833.0,-145.0,5.0,17.0,16:00,,1320,149.0,103.0,-12.0,0.1,405.0
2020-12-06,Sun,15898.5,-49.0,48.0,89.0,11:00,,1020,97.0,198.0,-41.0,1.8,453.0
2020-12-07,Mon,15947.0,-70.0,76.0,80.0,14:30,,1230,146.0,209.0,-4.0,1.1,529.0
2020-12-08,Tue,16032.25,-351.0,-306.0,17.0,18:00,,,45.0,13.0,-323.0,0.0,223.0
2020-12-13,Sun,15767.5,-6.0,72.0,157.0,11:15,,1035,78.0,1248.0,-85.0,26.2,295.0
2020-12-14,Mon,15843.25,-53.0,122.0,133.0,16:00,,1320,175.0,332.0,-11.0,2.5,417.0
2020-12-15,Tue,15968.0,-30.0,78.0,104.0,15:30,,1290,107.0,364.0,-26.0,3.5,494.0
2020-12-20,Sun,16123.25,-295.0,-65.0,28.0,18:00,,,230.0,78.0,-93.0,0.1,429.0
2020-12-21,Mon,16064.75,-104.0,9.0,63.0,08:00,,840,113.0,108.0,-54.0,0.6,438.0
2020-12-22,Tue,16073.25,-85.0,-49.0,33.0,05:15,,675,35.0,42.0,-82.0,0.4,389.0
2020-12-27,Sun,16044.25,-25.0,165.0,179.0,15:15,,1275,190.0,753.0,-14.0,7.2,554.0
2020-12-28,Mon,16210.25,-35.0,15.0,75.0,09:30,,930,50.0,143.0,-60.0,2.1,569.0
2020-12-29,Tue,16227.25,-40.0,-18.0,50.0,09:30,,930,22.0,54.0,-68.0,1.2,551.0
2021-01-03,Sun,16255.5,-366.0,-200.0,72.0,04:30,,630,167.0,46.0,-271.0,0.2,351.0
2021-01-04,Mon,16051.75,-73.0,120.0,124.0,16:30,,1350,193.0,265.0,-4.0,1.7,471.0
2021-01-05,Tue,16168.5,-310.0,-143.0,43.0,19:45,,105,167.0,54.0,-186.0,0.1,328.0
2021-01-10,Sun,16466.0,-227.0,-194.0,7.0,18:00,,,33.0,15.0,-200.0,0.0,135.0
2021-01-11,Mon,16282.25,-148.0,-32.0,44.0,04:45,,645,116.0,78.0,-76.0,0.3,103.0
2021-01-12,Tue,16253.0,-65.0,90.0,117.0,14:30,,1230,155.0,237.0,-28.0,1.8,192.0
2021-01-17,Sun,16141.25,-47.0,38.0,43.0,06:00,,720,85.0,181.0,-5.0,0.9,38.0
2021-01-18,Mon,16179.25,-2.0,219.0,220.0,16:45,,1365,221.0,12614.0,-1.0,110.0,257.0
2021-01-19,Tue,16397.0,-12.0,261.0,298.0,15:30,,1290,272.0,2317.0,-37.0,24.8,518.0
2021-01-24,Sun,16733.25,-177.0,97.0,189.0,09:30,,930,274.0,155.0,-92.0,1.1,615.0
2021-01-25,Mon,16827.5,-80.0,93.0,140.0,16:00,,1320,173.0,217.0,-46.0,1.8,708.0
2021-01-26,Tue,16920.25,-671.0,-494.0,34.0,18:15,,15,176.0,26.0,-528.0,0.1,214.0
2021-01-31,Sun,16217.25,-123.0,385.0,422.0,13:15,,1155,508.0,412.0,-37.0,3.4,599.0
2021-02-01,Mon,16600.0,-3.0,267.0,276.0,16:00,,1320,270.0,9809.0,-9.0,92.0,866.0
2021-02-02,Tue,16871.0,-117.0,-89.0,81.0,03:00,,540,28.0,24.0,-169.0,0.7,777.0
2021-02-07,Sun,16988.0,-25.0,64.0,72.0,10:00,,960,89.0,360.0,-8.0,2.9,841.0
2021-02-08,Mon,17052.25,-51.0,11.0,50.0,10:30,,990,62.0,122.0,-39.0,1.0,853.0
2021-02-09,Tue,17066.0,-182.0,-33.0,71.0,02:45,,525,149.0,82.0,-103.0,0.4,820.0
2021-02-14,Sun,17196.25,-10.0,43.0,50.0,12:45,,1125,53.0,525.0,-8.0,5.0,862.0
2021-02-15,Mon,17239.25,-156.0,-118.0,29.0,20:30,,150,39.0,25.0,-147.0,0.2,745.0
2021-02-16,Tue,17125.0,-215.0,-59.0,28.0,03:45,,585,156.0,73.0,-87.0,0.1,686.0
2021-02-21,Sun,16951.75,-370.0,-364.0,45.0,20:15,,135,6.0,2.0,-408.0,0.1,322.0
2021-02-22,Mon,16593.75,-469.0,-68.0,109.0,00:00,,360,401.0,85.0,-178.0,0.2,254.0
2021-02-23,Tue,16538.75,-214.0,143.0,162.0,16:30,,1350,357.0,167.0,-18.0,0.8,397.0
2021-02-28,Sun,16323.0,-9.0,357.0,362.0,16:45,,1365,366.0,4064.0,-6.0,40.2,754.0
2021-03-01,Mon,16679.0,-264.0,-257.0,16.0,18:00,,,7.0,3.0,-273.0,0.1,497.0
2021-03-02,Tue,16428.25,-399.0,-382.0,130.0,03:00,,540,16.0,4.0,-512.0,0.3,115.0
2021-03-07,Sun,16081.25,-430.0,-382.0,47.0,18:00,,,48.0,11.0,-429.0,0.1,-267.0
2021-03-08,Mon,15713.75,-21.0,442.0,521.0,15:00,,1260,463.0,2206.0,-79.0,24.8,175.0
2021-03-09,Tue,16178.75,-107.0,-23.0,182.0,09:15,,915,85.0,79.0,-204.0,1.7,153.0
2021-03-14,Sun,16306.25,-66.0,146.0,160.0,16:00,,1320,213.0,321.0,-14.0,2.4,299.0
2021-03-15,Mon,16447.75,-24.0,85.0,216.0,10:45,,1005,108.0,460.0,-132.0,9.0,384.0
2021-03-16,Tue,16535.75,-225.0,11.0,112.0,15:00,,1260,236.0,105.0,-101.0,0.5,395.0
2021-03-21,Sun,16197.25,-31.0,244.0,336.0,12:45,,1125,275.0,879.0,-93.0,10.8,638.0
2021-03-22,Mon,16445.25,-90.0,-38.0,103.0,11:15,,1035,52.0,57.0,-142.0,1.1,600.0
2021-03-23,Tue,16426.5,-266.0,-253.0,95.0,05:00,,660,13.0,5.0,-348.0,0.4,348.0
2021-03-28,Sun,16343.5,-160.0,-2.0,36.0,13:30,,1170,159.0,99.0,-37.0,0.2,346.0
2021-03-29,Mon,16351.25,-198.0,-84.0,9.0,18:15,,15,114.0,57.0,-94.0,0.0,262.0
2021-03-30,Tue,16268.25,-33.0,197.0,267.0,15:15,,1275,231.0,693.0,-69.0,8.1,459.0
2021-04-04,Sun,16720.5,-40.0,256.0,271.0,14:30,,1230,296.0,744.0,-15.0,6.8,715.0
2021-04-05,Mon,16979.5,-79.0,-19.0,51.0,11:45,,1065,60.0,76.0,-70.0,0.6,697.0
2021-04-06,Tue,16956.5,-67.0,42.0,61.0,14:15,,1215,109.0,162.0,-20.0,0.9,738.0
2021-04-11,Sun,17193.75,-86.0,6.0,15.0,18:30,,30,92.0,107.0,-9.0,0.2,744.0
2021-04-12,Mon,17202.0,-53.0,148.0,168.0,15:15,,1275,201.0,379.0,-20.0,3.2,892.0
2021-04-13,Tue,17353.5,-204.0,-149.0,52.0,07:45,,825,56.0,27.0,-201.0,0.3,744.0
2021-04-18,Sun,17365.75,-168.0,-96.0,63.0,23:15,,315,73.0,43.0,-159.0,0.4,648.0
2021-04-19,Mon,17276.0,-181.0,-164.0,34.0,04:15,,615,16.0,9.0,-199.0,0.2,484.0
2021-04-20,Tue,17118.75,-42.0,149.0,185.0,15:45,,1305,191.0,454.0,-36.0,4.4,633.0
2021-04-25,Sun,17291.5,-49.0,108.0,123.0,16:00,,1320,157.0,319.0,-15.0,2.5,108.0
2021-04-26,Mon,17399.75,-111.0,-72.0,27.0,01:45,,465,38.0,35.0,-99.0,0.2,36.0
2021-04-27,Tue,17330.5,-76.0,15.0,40.0,16:30,,1350,91.0,119.0,-25.0,0.5,50.0
2021-05-02,Sun,17255.75,-108.0,-93.0,68.0,10:15,,975,15.0,14.0,-161.0,0.6,-43.0
2021-05-03,Mon,17162.75,-406.0,-265.0,6.0,18:00,,,140.0,35.0,-272.0,0.0,-308.0
2021-05-04,Tue,16903.25,-64.0,-42.0,139.0,09:30,,930,23.0,35.0,-181.0,2.2,-350.0
2021-05-09,Sun,17094.75,-416.0,-408.0,34.0,21:45,,225,8.0,2.0,-442.0,0.1,-758.0
2021-05-10,Mon,16692.5,-251.0,2.0,60.0,14:15,,1215,252.0,101.0,-58.0,0.2,-756.0
2021-05-11,Tue,16698.0,-362.0,-357.0,31.0,20:00,,120,5.0,1.0,-388.0,0.1,-1113.0
2021-05-16,Sun,16757.0,-198.0,-67.0,72.0,18:00,,,131.0,66.0,-139.0,0.4,-1180.0
2021-05-17,Mon,16686.5,-132.0,-122.0,123.0,03:15,,555,10.0,7.0,-245.0,0.9,-1302.0
2021-05-18,Tue,16558.75,-228.0,38.0,61.0,14:30,,1230,266.0,116.0,-23.0,0.3,-1265.0
2021-05-23,Sun,16766.5,-34.0,262.0,296.0,14:45,,1245,296.0,876.0,-34.0,8.7,-1003.0
2021-05-24,Mon,17031.0,-48.0,15.0,84.0,02:30,,510,63.0,131.0,-69.0,1.8,-988.0
2021-05-25,Tue,17047.5,-15.0,33.0,57.0,07:15,,795,48.0,320.0,-24.0,3.8,-955.0
2021-05-30,Sun,17075.25,-47.0,-45.0,23.0,19:15,,75,3.0,5.0,-68.0,0.5,-1000.0
2021-05-31,Mon,17034.75,-66.0,-11.0,115.0,09:30,,930,55.0,84.0,-125.0,1.7,-1010.0
2021-06-01,Tue,17029.5,-50.0,25.0,60.0,10:30,,990,75.0,151.0,-34.0,1.2,-985.0
2021-06-06,Sun,17148.75,-81.0,51.0,53.0,16:45,,1365,132.0,163.0,-2.0,0.7,-934.0
2021-06-07,Mon,17200.0,-82.0,-12.0,93.0,09:30,,930,70.0,86.0,-105.0,1.1,-946.0
2021-06-08,Tue,17189.5,-10.0,-1.0,91.0,09:45,,945,9.0,89.0,-92.0,9.1,-947.0
2021-06-13,Sun,17373.0,-32.0,121.0,137.0,16:00,,1320,153.0,484.0,-16.0,4.3,-826.0
2021-06-14,Mon,17495.5,-110.0,-74.0,45.0,21:15,,195,37.0,33.0,-118.0,0.4,-899.0
2021-06-15,Tue,17424.5,-210.0,-109.0,56.0,10:15,,975,100.0,48.0,-165.0,0.3,-1008.0
2021-06-20,Sun,17407.25,-64.0,114.0,122.0,13:45,,1185,178.0,280.0,-8.0,1.9,-894.0
2021-06-21,Mon,17522.0,-71.0,132.0,142.0,15:30,,1290,203.0,286.0,-11.0,2.0,-763.0
2021-06-22,Tue,17658.5,-42.0,1.0,43.0,10:00,,960,43.0,102.0,-42.0,1.0,-762.0
2021-06-27,Sun,17732.75,-15.0,155.0,172.0,15:45,,1305,170.0,1169.0,-17.0,11.5,-607.0
2021-06-28,Mon,17891.75,-38.0,76.0,78.0,16:45,,1365,114.0,299.0,-3.0,2.1,-531.0
2021-06-29,Tue,17969.0,-66.0,-28.0,15.0,20:15,,135,38.0,57.0,-43.0,0.2,-559.0
2021-07-04,Sun,18087.25,-28.0,-10.0,20.0,18:15,,15,18.0,64.0,-30.0,0.7,-569.0
2021-07-05,Mon,18080.25,-70.0,68.0,95.0,10:15,,975,138.0,197.0,-27.0,1.4,-502.0
2021-07-06,Tue,18143.5,-32.0,51.0,125.0,09:30,,930,83.0,257.0,-75.0,3.9,-451.0
2021-07-11,Sun,18208.75,-39.0,51.0,65.0,09:30,,930,90.0,233.0,-14.0,1.7,-400.0
2021-07-12,Mon,18265.0,-86.0,-16.0,115.0,11:30,,1050,70.0,82.0,-130.0,1.3,-415.0
2021-07-13,Tue,18253.0,-27.0,29.0,128.0,10:00,,960,56.0,206.0,-99.0,4.7,-387.0
2021-07-18,Sun,18060.75,-232.0,-84.0,8.0,18:00,,,148.0,64.0,-91.0,0.0,-470.0
2021-07-19,Mon,17978.5,-77.0,134.0,189.0,15:15,,1275,211.0,275.0,-55.0,2.5,-336.0
2021-07-20,Tue,18114.5,-63.0,108.0,112.0,16:45,,1365,171.0,273.0,-4.0,1.8,-228.0
2021-07-25,Sun,18483.0,-59.0,27.0,36.0,12:00,,1080,86.0,145.0,-10.0,0.6,-201.0
2021-07-26,Mon,18510.0,-351.0,-241.0,7.0,07:30,,810,110.0,31.0,-248.0,0.0,-442.0
2021-07-27,Tue,18261.25,-10.0,107.0,199.0,10:30,,990,117.0,1197.0,-92.0,19.9,-335.0
2021-08-01,Sun,18357.25,-40.0,-12.0,84.0,03:00,,540,28.0,70.0,-96.0,2.1,-12.0
2021-08-02,Mon,18348.75,-115.0,71.0,86.0,15:45,,1305,186.0,162.0,-16.0,0.7,59.0
2021-08-03,Tue,18424.0,-42.0,42.0,69.0,14:30,,1230,84.0,199.0,-27.0,1.6,101.0
2021-08-08,Sun,18476.25,-88.0,35.0,55.0,14:30,,1230,123.0,140.0,-20.0,0.6,136.0
2021-08-09,Mon,18512.75,-133.0,-80.0,30.0,10:00,,960,53.0,40.0,-110.0,0.2,56.0
2021-08-10,Tue,18430.25,-82.0,-38.0,74.0,09:30,,930,44.0,54.0,-112.0,0.9,18.0
2021-08-15,Sun,18505.0,-203.0,15.0,19.0,16:00,,1320,218.0,107.0,-5.0,0.1,32.0
2021-08-16,Mon,18518.75,-237.0,-166.0,1.0,18:00,,,71.0,30.0,-167.0,0.0,-133.0
2021-08-17,Tue,18356.0,-165.0,-134.0,66.0,10:15,,975,31.0,19.0,-200.0,0.4,-267.0
2021-08-22,Sun,18477.25,-5.0,237.0,246.0,14:45,,1245,241.0,5079.0,-9.0,49.2,-30.0
2021-08-23,Mon,18712.5,-18.0,35.0,57.0,03:00,,540,53.0,290.0,-22.0,3.2,5.0
2021-08-24,Tue,18746.25,-28.0,5.0,36.0,09:30,,930,33.0,116.0,-31.0,1.3,9.0
2021-08-29,Sun,18816.75,-12.0,176.0,186.0,14:15,,1215,187.0,1594.0,-11.0,15.5,185.0
2021-08-30,Mon,18988.75,-90.0,-4.0,74.0,02:30,,510,86.0,96.0,-78.0,0.8,181.0
2021-08-31,Tue,18986.25,-24.0,10.0,97.0,09:45,,945,33.0,141.0,-87.0,4.0,190.0
2021-09-05,Sun,19038.75,-12.0,48.0,55.0,03:15,,555,60.0,511.0,-7.0,4.6,239.0
2021-09-06,Mon,19086.0,-94.0,-30.0,3.0,18:00,,,64.0,68.0,-33.0,0.0,208.0
2021-09-07,Tue,19056.0,-148.0,-62.0,20.0,21:30,,210,86.0,58.0,-82.0,0.1,147.0
2021-09-12,Sun,18834.75,-99.0,3.0,115.0,09:30,,930,102.0,103.0,-112.0,1.2,150.0
2021-09-13,Mon,18838.5,-102.0,-57.0,78.0,09:30,,930,45.0,44.0,-135.0,0.8,93.0
2021-09-14,Tue,18784.5,-84.0,117.0,123.0,15:45,,1305,201.0,239.0,-6.0,1.5,209.0
2021-09-19,Sun,18677.5,-478.0,-294.0,53.0,20:15,,135,184.0,38.0,-347.0,0.1,-85.0
2021-09-20,Mon,18383.75,-28.0,1.0,172.0,04:30,,630,28.0,102.0,-172.0,6.1,-84.0
2021-09-21,Tue,18384.75,-63.0,187.0,235.0,14:15,,1215,250.0,397.0,-48.0,3.7,103.0
2021-09-26,Sun,18711.25,-235.0,-147.0,81.0,02:00,,480,88.0,38.0,-227.0,0.3,-44.0
2021-09-27,Mon,18565.0,-432.0,-405.0,20.0,01:45,,465,27.0,6.0,-425.0,0.0,-449.0
2021-09-28,Tue,18162.5,-59.0,-5.0,156.0,03:15,,555,54.0,91.0,-162.0,2.6,-454.0
2021-10-03,Sun,18173.5,-413.0,-293.0,55.0,18:30,,30,121.0,29.0,-347.0,0.1,-747.0
2021-10-04,Mon,17881.0,-79.0,173.0,266.0,14:45,,1245,251.0,320.0,-93.0,3.4,-574.0
2021-10-05,Tue,18054.25,-240.0,105.0,108.0,16:30,,1350,345.0,144.0,-3.0,0.5,-469.0
2021-10-10,Sun,18202.5,-133.0,-125.0,87.0,10:15,,975,8.0,6.0,-212.0,0.7,-594.0
2021-10-11,Mon,18080.75,-103.0,-90.0,95.0,08:15,,855,13.0,12.0,-185.0,0.9,-684.0
2021-10-12,Tue,17987.5,-5.0,173.0,201.0,14:00,,1200,178.0,3742.0,-28.0,40.2,-511.0
2021-10-17,Sun,18538.75,-108.0,143.0,154.0,16:00,,1320,251.0,232.0,-11.0,1.4,-369.0
2021-10-18,Mon,18682.75,-21.0,121.0,138.0,16:00,,1320,141.0,681.0,-18.0,6.6,-248.0
2021-10-19,Tue,18803.0,-91.0,-53.0,36.0,10:30,,990,38.0,42.0,-90.0,0.4,-301.0
2021-10-24,Sun,18718.0,-29.0,218.0,220.0,16:30,,1350,247.0,853.0,-2.0,7.6,-83.0
2021-10-25,Mon,18936.0,-41.0,-17.0,158.0,10:45,,1005,24.0,58.0,-175.0,3.9,-100.0
2021-10-26,Tue,18915.75,-16.0,69.0,194.0,13:30,,1170,85.0,528.0,-126.0,12.1,-32.0
2021-10-31,Sun,19267.5,-106.0,14.0,40.0,07:15,,795,120.0,113.0,-26.0,0.4,-18.0
2021-11-01,Mon,19283.75,-42.0,68.0,89.0,11:45,,1065,109.0,262.0,-22.0,2.1,49.0
2021-11-02,Tue,19351.0,-24.0,173.0,188.0,15:45,,1305,197.0,836.0,-15.0,7.8,222.0
2021-11-07,Sun,19692.5,-35.0,23.0,94.0,09:30,,930,58.0,165.0,-72.0,2.7,23.0
2021-11-08,Mon,19705.75,-153.0,-116.0,79.0,09:30,,930,37.0,24.0,-195.0,0.5,-94.0
2021-11-09,Tue,19594.75,-305.0,-216.0,41.0,02:30,,510,89.0,29.0,-257.0,0.1,-310.0
2021-11-14,Sun,19603.5,-128.0,-15.0,66.0,08:15,,855,114.0,88.0,-80.0,0.5,-324.0
2021-11-15,Mon,19591.5,-57.0,94.0,125.0,14:00,,1200,151.0,267.0,-31.0,2.2,-230.0
2021-11-16,Tue,19689.25,-27.0,26.0,102.0,12:00,,1080,53.0,194.0,-77.0,3.8,-205.0
2021-11-21,Sun,19992.25,-235.0,-201.0,168.0,10:15,,975,34.0,14.0,-369.0,0.7,-406.0
2021-11-22,Mon,19792.25,-281.0,-102.0,19.0,09:45,,945,180.0,64.0,-121.0,0.1,-507.0
2021-11-23,Tue,19691.5,-197.0,56.0,70.0,15:45,,1305,253.0,128.0,-14.0,0.4,-451.0
2021-11-28,Sun,19438.75,-9.0,367.0,392.0,15:15,,1275,377.0,4070.0,-24.0,43.6,-84.0
2021-11-29,Mon,19811.25,-351.0,-182.0,38.0,10:00,,960,169.0,48.0,-219.0,0.1,-266.0
2021-11-30,Tue,19628.25,-409.0,-375.0,192.0,11:15,,1035,35.0,8.0,-567.0,0.5,-640.0
2021-12-05,Sun,19096.25,-145.0,146.0,193.0,14:15,,1215,291.0,201.0,-47.0,1.3,-494.0
2021-12-06,Mon,19241.5,-24.0,518.0,526.0,16:30,,1350,542.0,2257.0,-8.0,21.9,24.0
2021-12-07,Tue,19756.25,-112.0,18.0,72.0,06:45,,765,131.0,116.0,-54.0,0.6,42.0
2021-12-12,Sun,19713.5,-257.0,-227.0,91.0,06:30,,750,30.0,12.0,-318.0,0.4,-185.0
2021-12-13,Mon,19484.25,-356.0,-161.0,43.0,03:15,,555,195.0,55.0,-204.0,0.1,-346.0
2021-12-14,Tue,19320.0,-186.0,360.0,374.0,16:00,,1320,546.0,294.0,-14.0,2.0,15.0
2021-12-19,Sun,19204.25,-318.0,-136.0,42.0,18:00,,,182.0,57.0,-178.0,0.1,-122.0
2021-12-20,Mon,19073.5,-74.0,295.0,308.0,15:45,,1305,369.0,499.0,-13.0,4.2,174.0
2021-12-21,Tue,19374.5,-98.0,199.0,203.0,16:45,,1365,297.0,303.0,-4.0,2.1,373.0
2021-12-26,Sun,19698.5,0.0,266.0,277.0,16:30,,1350,266.0,,-11.0,,639.0
2021-12-27,Mon,19963.5,-116.0,-58.0,89.0,07:30,,810,58.0,50.0,-147.0,0.8,581.0
2021-12-28,Tue,19912.5,-131.0,-38.0,46.0,02:30,,510,93.0,71.0,-84.0,0.4,543.0
2022-01-02,Sun,19749.25,-64.0,140.0,153.0,16:15,,1335,203.0,320.0,-13.0,2.4,683.0
2022-01-03,Mon,19890.75,-357.0,-236.0,68.0,06:15,,735,121.0,34.0,-303.0,0.2,447.0
2022-01-04,Tue,19660.0,-514.0,-512.0,4.0,18:00,,,2.0,0.0,-517.0,0.0,-65.0
2022-01-09,Sun,18983.75,-437.0,27.0,79.0,02:30,,510,464.0,106.0,-52.0,0.2,-38.0
2022-01-10,Mon,19011.0,-142.0,209.0,223.0,15:00,,1260,351.0,247.0,-14.0,1.6,171.0
2022-01-11,Tue,19221.0,-64.0,69.0,183.0,10:00,,960,133.0,207.0,-114.0,2.9,240.0
2022-01-16,Sun,19011.0,-109.0,-62.0,37.0,18:00,,,48.0,43.0,-99.0,0.3,178.0
2022-01-17,Mon,18953.0,-388.0,-319.0,44.0,20:00,,120,69.0,18.0,-363.0,0.1,-141.0
2022-01-18,Tue,18634.25,-229.0,-205.0,132.0,10:00,,960,24.0,10.0,-337.0,0.6,-346.0
2022-01-23,Sun,17804.0,-704.0,93.0,170.0,20:30,,150,797.0,113.0,-77.0,0.2,-253.0
2022-01-24,Mon,17888.5,-604.0,-573.0,5.0,18:15,,15,32.0,5.0,-578.0,0.0,-826.0
2022-01-25,Tue,17339.25,-1.0,207.0,697.0,14:00,,1200,208.0,16640.0,-491.0,697.0,-619.0
2022-01-30,Sun,17844.25,-97.0,417.0,465.0,15:45,,1305,514.0,532.0,-48.0,4.8,-202.0
2022-01-31,Mon,18260.0,-137.0,251.0,272.0,16:30,,1350,388.0,284.0,-21.0,2.0,49.0
2022-02-01,Tue,18522.75,-303.0,-265.0,133.0,07:15,,795,38.0,13.0,-398.0,0.4,-217.0
2022-02-06,Sun,18068.75,-163.0,-71.0,132.0,09:45,,945,93.0,57.0,-203.0,0.8,-287.0
2022-02-07,Mon,17997.25,-135.0,143.0,173.0,15:45,,1305,278.0,206.0,-30.0,1.3,-144.0
2022-02-08,Tue,18139.0,-5.0,309.0,323.0,16:15,,1335,313.0,6595.0,-15.0,64.6,164.0
2022-02-13,Sun,17644.5,-220.0,9.0,144.0,12:30,,1110,229.0,104.0,-135.0,0.7,9.0
2022-02-14,Mon,17644.5,-27.0,332.0,365.0,15:45,,1305,359.0,1328.0,-33.0,13.5,341.0
2022-02-15,Tue,17988.25,-213.0,-1.0,75.0,04:00,,600,213.0,100.0,-75.0,0.4,340.0
2022-02-20,Sun,17347.5,-236.0,-219.0,204.0,02:15,,495,17.0,7.0,-423.0,0.9,121.0
2022-02-21,Mon,17094.25,-108.0,221.0,409.0,10:30,,990,329.0,305.0,-188.0,3.8,342.0
2022-02-22,Tue,17319.75,-454.0,-441.0,144.0,04:30,,630,14.0,3.0,-584.0,0.3,-99.0
2022-02-27,Sun,17399.25,-314.0,213.0,288.0,11:30,,1050,527.0,168.0,-75.0,0.9,114.0
2022-02-28,Mon,17612.25,-318.0,-190.0,110.0,02:00,,480,128.0,40.0,-299.0,0.3,-76.0
2022-03-01,Tue,17420.75,-115.0,170.0,267.0,15:45,,1305,285.0,249.0,-97.0,2.3,95.0
2022-03-06,Sun,17172.75,-514.0,-508.0,101.0,09:30,,930,6.0,1.0,-609.0,0.2,-414.0
2022-03-07,Mon,16676.75,-177.0,-83.0,384.0,13:00,,1140,95.0,53.0,-467.0,2.2,-496.0
2022-03-08,Tue,16588.5,-2.0,578.0,628.0,16:30,,1350,580.0,25789.0,-50.0,314.0,82.0
2022-03-13,Sun,16725.0,-318.0,-249.0,116.0,05:45,,705,69.0,22.0,-365.0,0.4,-167.0
2022-03-14,Mon,16483.75,-145.0,357.0,401.0,15:45,,1305,502.0,347.0,-44.0,2.8,190.0
2022-03-15,Tue,16840.25,-26.0,557.0,583.0,16:30,,1350,582.0,2261.0,-27.0,22.4,747.0
2022-03-20,Sun,17802.0,-221.0,-11.0,62.0,09:30,,930,210.0,95.0,-73.0,0.3,736.0
2022-03-21,Mon,17786.5,-97.0,264.0,303.0,15:45,,1305,361.0,374.0,-39.0,3.1,1000.0
2022-03-22,Tue,18050.25,-211.0,-190.0,30.0,12:00,,1080,22.0,10.0,-220.0,0.1,810.0
2022-03-27,Sun,18152.75,-97.0,227.0,241.0,16:00,,1320,323.0,335.0,-15.0,2.5,1037.0
2022-03-28,Mon,18379.75,-26.0,240.0,287.0,15:30,,1290,266.0,1023.0,-47.0,11.0,1277.0
2022-03-29,Tue,18617.5,-208.0,-114.0,43.0,21:45,,225,94.0,45.0,-157.0,0.2,1163.0
2022-04-03,Sun,18245.0,-46.0,312.0,327.0,16:30,,1350,357.0,785.0,-15.0,7.1,1475.0
2022-04-04,Mon,18557.5,-380.0,-299.0,39.0,03:45,,585,81.0,21.0,-338.0,0.1,1176.0
2022-04-05,Tue,18258.25,-465.0,-364.0,3.0,18:00,,,102.0,22.0,-367.0,0.0,812.0
2022-04-10,Sun,17731.5,-350.0,-331.0,46.0,18:00,,,19.0,5.0,-376.0,0.1,482.0
2022-04-11,Mon,17402.0,-125.0,-51.0,280.0,08:45,,885,74.0,59.0,-330.0,2.2,431.0
2022-04-12,Tue,17351.5,-33.0,257.0,313.0,15:30,,1290,290.0,891.0,-56.0,9.5,688.0
2022-04-17,Sun,17291.5,-165.0,71.0,108.0,10:15,,975,236.0,143.0,-37.0,0.7,759.0
2022-04-18,Mon,17358.25,-133.0,134.0,280.0,15:45,,1305,266.0,201.0,-147.0,2.1,892.0
2022-04-19,Tue,17496.5,-141.0,-29.0,199.0,07:45,,825,112.0,80.0,-228.0,1.4,864.0
2022-04-24,Sun,16721.0,-140.0,205.0,227.0,16:00,,1320,345.0,247.0,-21.0,1.6,1069.0
2022-04-25,Mon,16925.5,-725.0,-715.0,57.0,23:30,,330,10.0,1.0,-771.0,0.1,354.0
2022-04-26,Tue,16259.25,-2.0,310.0,393.0,09:45,,945,311.0,17786.0,-84.0,196.5,664.0
2022-05-01,Sun,16290.0,-183.0,159.0,192.0,16:00,,1320,342.0,187.0,-33.0,1.0,823.0
2022-05-02,Mon,16453.0,-88.0,61.0,129.0,13:45,,1185,149.0,170.0,-68.0,1.5,884.0
2022-05-03,Tue,16517.75,-238.0,376.0,435.0,15:45,,1305,614.0,258.0,-59.0,1.8,1260.0
2022-05-08,Sun,16004.0,-475.0,-402.0,30.0,18:45,,45,73.0,15.0,-433.0,0.1,857.0
2022-05-09,Mon,15602.5,-103.0,127.0,342.0,09:30,,930,230.0,223.0,-216.0,3.3,984.0
2022-05-10,Tue,15728.0,-392.0,-320.0,223.0,07:30,,810,73.0,18.0,-543.0,0.6,665.0
2022-05-15,Sun,15807.5,-220.0,-173.0,89.0,19:45,,105,48.0,22.0,-262.0,0.4,492.0
2022-05-16,Mon,15635.5,-8.0,336.0,341.0,15:30,,1290,344.0,4303.0,-5.0,42.6,828.0
2022-05-17,Tue,15971.75,-711.0,-681.0,19.0,18:15,,15,30.0,4.0,-700.0,0.0,147.0
2022-05-22,Sun,15256.0,-75.0,196.0,217.0,16:00,,1320,271.0,363.0,-21.0,2.9,196.0
2022-05-23,Mon,15331.5,-358.0,-123.0,2.0,18:00,,,235.0,66.0,-125.0,0.0,74.0
2022-05-24,Tue,15208.0,-140.0,75.0,223.0,15:00,,1260,214.0,153.0,-148.0,1.6,148.0
2022-05-29,Sun,16103.0,-33.0,97.0,177.0,05:30,,690,129.0,397.0,-81.0,5.4,245.0
2022-05-30,Mon,16211.5,-334.0,-160.0,12.0,19:45,,105,174.0,52.0,-172.0,0.0,85.0
2022-05-31,Tue,16044.0,-192.0,-100.0,177.0,09:45,,945,92.0,48.0,-277.0,0.9,-15.0
2022-06-05,Sun,15945.5,-21.0,59.0,263.0,10:00,,960,80.0,379.0,-204.0,12.5,44.0
2022-06-06,Mon,16002.25,-193.0,76.0,136.0,15:45,,1305,269.0,139.0,-60.0,0.7,120.0
2022-06-07,Tue,16081.25,-105.0,-63.0,100.0,09:45,,945,42.0,40.0,-163.0,1.0,56.0
2022-06-12,Sun,15201.25,-549.0,-473.0,0.0,18:00,,,77.0,14.0,-473.0,,-416.0
2022-06-13,Mon,14736.0,-132.0,-6.0,167.0,02:15,,495,126.0,95.0,-173.0,1.3,-423.0
2022-06-14,Tue,14732.25,-5.0,263.0,430.0,15:30,,1290,268.0,5632.0,-168.0,86.0,-160.0
2022-06-19,Sun,14699.5,-57.0,99.0,106.0,19:45,,105,156.0,272.0,-8.0,1.9,-61.0
2022-06-20,Mon,14795.25,-29.0,155.0,252.0,10:45,,1005,183.0,643.0,-97.0,8.7,94.0
2022-06-21,Tue,14947.25,-259.0,-35.0,168.0,10:30,,990,224.0,86.0,-203.0,0.6,59.0
2022-06-26,Sun,15508.25,-146.0,-65.0,123.0,04:15,,615,81.0,55.0,-188.0,0.8,-6.0
2022-06-27,Mon,15443.25,-414.0,-394.0,99.0,09:30,,930,19.0,5.0,-494.0,0.2,-401.0
2022-06-28,Tue,15049.0,-117.0,12.0,68.0,10:45,,1005,128.0,110.0,-57.0,0.6,-389.0
2022-07-03,Sun,14981.25,-112.0,-63.0,36.0,18:00,,,50.0,44.0,-98.0,0.3,-452.0
2022-07-04,Mon,14921.75,-165.0,259.0,264.0,16:45,,1365,423.0,257.0,-5.0,1.6,-193.0
2022-07-05,Tue,15182.0,-86.0,89.0,160.0,15:30,,1290,175.0,204.0,-71.0,1.9,-104.0
2022-07-10,Sun,15517.0,-296.0,-247.0,6.0,18:00,,,49.0,16.0,-254.0,0.0,-351.0
2022-07-11,Mon,15268.25,-188.0,-120.0,126.0,09:30,,930,68.0,36.0,-246.0,0.7,-471.0
2022-07-12,Tue,15147.75,-302.0,-47.0,219.0,08:15,,855,255.0,85.0,-265.0,0.7,-518.0
2022-07-17,Sun,15409.0,-183.0,-124.0,146.0,09:45,,945,60.0,33.0,-270.0,0.8,-641.0
2022-07-18,Mon,15279.75,-22.0,408.0,417.0,16:15,,1335,430.0,1956.0,-9.0,19.0,-233.0
2022-07-19,Tue,15701.5,-97.0,95.0,184.0,12:00,,1080,192.0,197.0,-90.0,1.9,-138.0
2022-07-24,Sun,15808.25,-174.0,-115.0,59.0,07:15,,795,59.0,34.0,-173.0,0.3,-253.0
2022-07-25,Mon,15686.75,-249.0,-121.0,16.0,05:00,,660,127.0,51.0,-137.0,0.1,-374.0
2022-07-26,Tue,15561.0,-3.0,389.0,497.0,15:30,,1290,392.0,15670.0,-108.0,165.7,16.0
2022-07-31,Sun,16348.25,-129.0,0.0,129.0,10:45,,1005,129.0,100.0,-129.0,1.0,16.0
2022-08-01,Mon,16343.5,-159.0,-54.0,122.0,12:30,,1110,105.0,66.0,-176.0,0.8,-38.0
2022-08-02,Tue,16289.75,-54.0,327.0,389.0,15:45,,1305,381.0,702.0,-63.0,7.2,288.0
2022-08-07,Sun,16594.25,-106.0,-14.0,194.0,10:00,,960,92.0,87.0,-207.0,1.8,275.0
2022-08-08,Mon,16579.0,-248.0,-155.0,23.0,19:30,,90,93.0,37.0,-178.0,0.1,120.0
2022-08-09,Tue,16416.75,-67.0,333.0,360.0,15:45,,1305,400.0,599.0,-27.0,5.4,453.0
2022-08-14,Sun,16940.25,-76.0,107.0,134.0,15:15,,1275,183.0,240.0,-27.0,1.8,560.0
2022-08-15,Mon,17041.75,-151.0,-11.0,67.0,14:00,,1200,140.0,93.0,-78.0,0.4,549.0
2022-08-16,Tue,17031.25,-257.0,-153.0,10.0,01:45,,465,104.0,41.0,-163.0,0.0,397.0
2022-08-21,Sun,16595.75,-352.0,-294.0,2.0,18:00,,,58.0,16.0,-296.0,0.0,102.0
2022-08-22,Mon,16303.75,-112.0,-47.0,84.0,10:15,,975,65.0,58.0,-130.0,0.8,56.0
2022-08-23,Tue,16258.75,-65.0,65.0,122.0,12:15,,1095,129.0,200.0,-57.0,1.9,120.0
2022-08-28,Sun,15852.5,-83.0,21.0,126.0,10:15,,975,104.0,125.0,-105.0,1.5,21.0
2022-08-29,Mon,15870.25,-255.0,-143.0,157.0,04:15,,615,112.0,44.0,-300.0,0.6,-122.0
2022-08-30,Tue,15728.75,-84.0,-55.0,153.0,09:45,,945,30.0,35.0,-207.0,1.8,-177.0
2022-09-04,Sun,15479.75,-58.0,23.0,56.0,12:15,,1095,81.0,139.0,-33.0,1.0,-154.0
2022-09-05,Mon,15503.25,-205.0,-116.0,110.0,03:15,,555,90.0,44.0,-225.0,0.5,-270.0
2022-09-06,Tue,15387.5,-97.0,245.0,287.0,15:15,,1275,342.0,352.0,-43.0,3.0,-25.0
2022-09-11,Sun,15983.0,-42.0,157.0,159.0,16:15,,1335,198.0,478.0,-3.0,3.8,132.0
2022-09-12,Mon,16150.75,-783.0,-739.0,111.0,08:30,,870,44.0,6.0,-850.0,0.1,-608.0
2022-09-13,Tue,15411.75,-46.0,123.0,126.0,11:00,,1020,169.0,369.0,-3.0,2.7,-485.0
2022-09-18,Sun,15205.75,-128.0,125.0,146.0,16:00,,1320,254.0,198.0,-21.0,1.1,-359.0
2022-09-19,Mon,15329.0,-215.0,-95.0,49.0,20:15,,135,120.0,56.0,-144.0,0.2,-454.0
2022-09-20,Tue,15233.25,-301.0,-281.0,191.0,14:45,,1245,20.0,7.0,-472.0,0.6,-736.0
2022-09-25,Sun,14647.75,-106.0,-47.0,175.0,10:15,,975,59.0,56.0,-222.0,1.7,-783.0
2022-09-26,Mon,14601.25,-83.0,38.0,252.0,09:30,,930,121.0,146.0,-214.0,3.0,-744.0
2022-09-27,Tue,14642.75,-216.0,182.0,255.0,15:45,,1305,398.0,184.0,-73.0,1.2,-563.0
2022-10-02,Sun,14314.0,-138.0,281.0,329.0,14:45,,1245,419.0,303.0,-48.0,2.4,-282.0
2022-10-03,Mon,14600.25,-32.0,330.0,361.0,10:45,,1005,362.0,1122.0,-32.0,11.3,48.0
2022-10-04,Tue,14917.25,-264.0,-4.0,79.0,15:15,,1275,261.0,99.0,-83.0,0.3,45.0
2022-10-09,Sun,14352.0,-190.0,-73.0,70.0,09:15,,915,117.0,61.0,-143.0,0.4,-29.0
2022-10-10,Mon,14274.25,-222.0,-108.0,51.0,12:45,,1125,114.0,51.0,-159.0,0.2,-137.0
2022-10-11,Tue,14161.75,-71.0,-24.0,100.0,02:45,,525,47.0,67.0,-124.0,1.4,-160.0
2022-10-16,Sun,14005.75,-16.0,415.0,429.0,16:30,,1350,430.0,2774.0,-14.0,26.8,254.0
2022-10-17,Mon,14447.0,-80.0,163.0,270.0,09:30,,930,243.0,302.0,-108.0,3.4,417.0
2022-10-18,Tue,14609.0,-274.0,-173.0,59.0,19:15,,75,101.0,37.0,-232.0,0.2,244.0
2022-10-23,Sun,14679.0,-186.0,66.0,137.0,18:00,,,252.0,135.0,-71.0,0.7,310.0
2022-10-24,Mon,14745.0,-29.0,124.0,273.0,16:00,,1320,153.0,524.0,-149.0,9.4,434.0
2022-10-25,Tue,14805.25,-107.0,-47.0,184.0,11:30,,1050,60.0,56.0,-231.0,1.7,387.0
2022-10-30,Sun,14878.75,-227.0,-140.0,7.0,18:00,,,87.0,38.0,-147.0,0.0,247.0
2022-10-31,Mon,14737.0,-163.0,-132.0,167.0,09:30,,930,32.0,19.0,-299.0,1.0,115.0
2022-11-01,Tue,14604.25,-411.0,-377.0,141.0,14:30,,1230,34.0,8.0,-517.0,0.3,-261.0
2022-11-06,Sun,14114.5,-54.0,185.0,209.0,15:30,,1290,239.0,446.0,-24.0,3.9,-76.0
2022-11-07,Mon,14299.75,-86.0,75.0,217.0,11:30,,1050,161.0,186.0,-143.0,2.5,-2.0
2022-11-08,Tue,14364.25,-257.0,-236.0,86.0,20:30,,150,21.0,8.0,-322.0,0.3,-238.0
2022-11-13,Sun,15081.25,-94.0,-28.0,103.0,14:00,,1200,67.0,71.0,-130.0,1.1,-265.0
2022-11-14,Mon,15054.25,-8.0,125.0,350.0,08:30,,870,132.0,1760.0,-225.0,43.8,-141.0
2022-11-15,Tue,15174.25,-183.0,-116.0,73.0,02:45,,525,67.0,37.0,-189.0,0.4,-257.0
2022-11-20,Sun,15005.25,-167.0,-130.0,35.0,18:00,,,37.0,22.0,-166.0,0.2,-387.0
2022-11-21,Mon,14873.0,-62.0,152.0,172.0,15:45,,1305,214.0,344.0,-20.0,2.8,-235.0
2022-11-22,Tue,15026.25,-21.0,137.0,152.0,15:15,,1275,158.0,759.0,-15.0,7.2,-98.0
2022-11-27,Sun,15020.5,-161.0,-112.0,53.0,09:45,,945,49.0,31.0,-165.0,0.3,-210.0
2022-11-28,Mon,14910.75,-161.0,-107.0,79.0,03:45,,585,54.0,33.0,-186.0,0.5,-317.0
2022-11-29,Tue,14804.5,-22.0,556.0,559.0,16:45,,1365,577.0,2684.0,-3.0,25.4,239.0
2022-12-05,Mon,15098.25,-311.0,-246.0,33.0,07:30,,810,65.0,21.0,-279.0,0.1,-246.0
2022-12-06,Tue,14853.75,-145.0,-70.0,28.0,20:45,,165,75.0,52.0,-98.0,0.2,-316.0
2022-12-11,Sun,14840.25,-32.0,143.0,162.0,16:00,,1320,175.0,547.0,-19.0,5.1,-173.0
2022-12-12,Mon,14988.75,-23.0,129.0,510.0,08:30,,870,152.0,659.0,-382.0,22.2,-45.0
2022-12-13,Tue,15126.75,-229.0,-71.0,112.0,13:45,,1185,158.0,69.0,-183.0,0.5,-116.0
2022-12-18,Sun,14495.75,-196.0,-142.0,84.0,05:30,,690,54.0,27.0,-226.0,0.4,-258.0
2022-12-19,Mon,14351.0,-140.0,10.0,65.0,10:30,,990,150.0,107.0,-55.0,0.5,-247.0
2022-12-20,Tue,14370.25,-21.0,154.0,188.0,14:00,,1200,175.0,851.0,-34.0,9.0,-93.0
2022-12-26,Mon,14270.5,-206.0,-190.0,82.0,21:00,,180,16.0,8.0,-272.0,0.4,-283.0
2022-12-27,Tue,14086.75,-160.0,-134.0,79.0,09:30,,930,26.0,16.0,-212.0,0.5,-417.0
2023-01-02,Mon,14285.75,-273.0,-175.0,65.0,09:30,,930,98.0,36.0,-239.0,0.2,-592.0
2023-01-03,Tue,14110.5,-79.0,42.0,126.0,11:45,,1065,121.0,154.0,-84.0,1.6,-550.0
2023-01-08,Sun,14297.5,-9.0,56.0,257.0,11:15,,1035,65.0,759.0,-201.0,28.6,-494.0
2023-01-09,Mon,14350.0,-87.0,100.0,108.0,16:00,,1320,187.0,214.0,-9.0,1.2,-394.0
2023-01-10,Tue,14450.5,-42.0,194.0,198.0,15:45,,1305,236.0,558.0,-4.0,4.7,-201.0
2023-01-15,Sun,14781.25,-102.0,-48.0,26.0,20:45,,165,54.0,53.0,-74.0,0.3,-249.0
2023-01-16,Mon,14740.25,-42.0,52.0,114.0,10:00,,960,93.0,225.0,-62.0,2.7,-197.0
2023-01-17,Tue,14790.75,-154.0,-140.0,138.0,10:00,,960,14.0,9.0,-278.0,0.9,-337.0
2023-01-22,Sun,14846.5,-28.0,257.0,305.0,13:45,,1185,285.0,1035.0,-48.0,10.9,-80.0
2023-01-23,Mon,15101.75,-97.0,40.0,77.0,16:00,,1320,137.0,141.0,-37.0,0.8,-40.0
2023-01-24,Tue,15141.75,-369.0,-98.0,4.0,18:00,,,270.0,73.0,-102.0,0.0,-138.0
2023-01-29,Sun,15382.0,-253.0,-224.0,39.0,18:00,,,29.0,11.0,-263.0,0.2,-363.0
2023-01-30,Mon,15153.0,-113.0,136.0,172.0,15:45,,1305,249.0,220.0,-36.0,1.5,-227.0
2023-01-31,Tue,15290.0,-66.0,386.0,404.0,16:15,,1335,452.0,682.0,-18.0,6.1,159.0
2023-02-05,Sun,15747.0,-122.0,-66.0,31.0,11:30,,1050,56.0,46.0,-96.0,0.3,93.0
2023-02-06,Mon,15685.75,-58.0,224.0,302.0,15:45,,1305,282.0,487.0,-78.0,5.2,317.0
2023-02-07,Tue,15914.75,-234.0,-188.0,63.0,00:45,,405,46.0,20.0,-251.0,0.3,129.0
2023-02-12,Sun,15522.0,-88.0,192.0,215.0,14:00,,1200,280.0,317.0,-23.0,2.4,321.0
2023-02-13,Mon,15716.5,-157.0,71.0,138.0,08:30,,870,228.0,145.0,-68.0,0.9,391.0
2023-02-14,Tue,15787.5,-95.0,131.0,138.0,16:00,,1320,226.0,239.0,-7.0,1.5,522.0
2023-02-19,Sun,15551.75,-37.0,-16.0,35.0,07:00,,780,21.0,56.0,-51.0,0.9,506.0
2023-02-20,Mon,15538.75,-279.0,-258.0,10.0,19:00,,60,20.0,7.0,-268.0,0.0,248.0
2023-02-21,Tue,15280.0,-77.0,54.0,80.0,14:00,,1200,131.0,169.0,-26.0,1.0,301.0
2023-02-26,Sun,15171.0,-15.0,93.0,187.0,10:00,,960,108.0,743.0,-94.0,12.5,395.0
2023-02-27,Mon,15260.75,-66.0,-51.0,82.0,14:00,,1200,15.0,23.0,-133.0,1.2,343.0
2023-02-28,Tue,15211.5,-118.0,-58.0,99.0,06:15,,735,60.0,51.0,-158.0,0.8,285.0
2023-03-05,Sun,15476.5,-32.0,13.0,178.0,11:15,,1035,45.0,142.0,-165.0,5.6,298.0
2023-03-06,Mon,15491.25,-180.0,-148.0,59.0,04:00,,600,33.0,18.0,-207.0,0.3,151.0
2023-03-07,Tue,15343.5,-66.0,63.0,80.0,11:45,,1065,129.0,195.0,-17.0,1.2,214.0
2023-03-12,Sun,15056.75,-211.0,59.0,208.0,02:45,,525,270.0,128.0,-149.0,1.0,273.0
2023-03-13,Mon,15122.25,-56.0,255.0,276.0,11:30,,1050,311.0,558.0,-21.0,4.9,528.0
2023-03-14,Tue,15370.0,-235.0,69.0,79.0,15:00,,1260,304.0,129.0,-10.0,0.3,597.0
2023-03-19,Sun,15730.75,-164.0,12.0,61.0,18:00,,,176.0,107.0,-49.0,0.4,12.0
2023-03-20,Mon,15740.25,-23.0,177.0,199.0,15:30,,1290,200.0,887.0,-22.0,8.7,189.0
2023-03-21,Tue,15915.0,-196.0,-175.0,208.0,14:45,,1245,22.0,11.0,-383.0,1.1,14.0
2023-03-26,Sun,15957.5,-150.0,-102.0,60.0,01:45,,465,49.0,32.0,-162.0,0.4,-87.0
2023-03-27,Mon,15853.5,-177.0,-63.0,22.0,03:00,,540,114.0,64.0,-85.0,0.1,-150.0
2023-03-28,Tue,15788.5,-5.0,214.0,246.0,15:45,,1305,219.0,4375.0,-32.0,49.2,64.0
2023-04-02,Sun,16304.0,-108.0,-1.0,16.0,15:45,,1305,108.0,99.0,-17.0,0.1,63.0
2023-04-03,Mon,16303.25,-93.0,-30.0,87.0,05:45,,705,63.0,68.0,-117.0,0.9,33.0
2023-04-04,Tue,16273.5,-226.0,-160.0,15.0,20:00,,120,66.0,29.0,-176.0,0.1,-128.0
2023-04-09,Sun,16219.5,-211.0,-12.0,28.0,18:15,,15,199.0,94.0,-40.0,0.1,-140.0
2023-04-10,Mon,16210.25,-117.0,-88.0,41.0,05:45,,705,30.0,25.0,-128.0,0.4,-227.0
2023-04-11,Tue,16117.5,-138.0,-119.0,165.0,08:30,,870,20.0,14.0,-284.0,1.2,-346.0
2023-04-16,Sun,16251.5,-133.0,-29.0,8.0,03:30,,570,104.0,78.0,-37.0,0.1,-374.0
2023-04-17,Mon,16227.25,-48.0,2.0,113.0,08:30,,870,49.0,103.0,-111.0,2.4,-373.0
2023-04-18,Tue,16215.5,-109.0,-6.0,53.0,14:00,,1200,103.0,94.0,-59.0,0.5,-379.0
2023-04-23,Sun,16112.75,-104.0,-22.0,63.0,09:30,,930,82.0,79.0,-85.0,0.6,-401.0
2023-04-24,Mon,16091.75,-249.0,-132.0,10.0,20:00,,120,118.0,47.0,-141.0,0.0,-533.0
2023-04-25,Tue,15971.25,-67.0,31.0,83.0,12:00,,1080,98.0,146.0,-52.0,1.2,-502.0
2023-04-30,Sun,16357.75,-58.0,-28.0,51.0,02:30,,510,30.0,52.0,-79.0,0.9,-529.0
2023-05-01,Mon,16330.0,-178.0,-119.0,46.0,03:00,,540,59.0,33.0,-165.0,0.3,-648.0
2023-05-02,Tue,16204.75,-84.0,-75.0,147.0,14:30,,1230,9.0,11.0,-221.0,1.8,-723.0
2023-05-07,Sun,16357.0,-61.0,21.0,53.0,14:45,,1245,82.0,134.0,-32.0,0.9,-702.0
2023-05-08,Mon,16377.5,-87.0,-75.0,11.0,00:30,,390,12.0,14.0,-86.0,0.1,-777.0
2023-05-09,Tue,16303.0,-60.0,147.0,187.0,15:30,,1290,207.0,347.0,-40.0,3.1,-630.0
2023-05-14,Sun,16420.75,-29.0,85.0,100.0,13:00,,1140,114.0,391.0,-15.0,3.4,-545.0
2023-05-15,Mon,16508.25,-41.0,36.0,88.0,12:30,,1110,77.0,189.0,-52.0,2.1,-509.0
2023-05-16,Tue,16542.0,-27.0,141.0,169.0,13:45,,1185,168.0,633.0,-28.0,6.3,-368.0
2023-05-21,Sun,16855.25,-20.0,102.0,133.0,09:45,,945,122.0,624.0,-31.0,6.7,-266.0
2023-05-22,Mon,16953.0,-201.0,-178.0,66.0,21:45,,225,22.0,11.0,-244.0,0.3,-444.0
2023-05-23,Tue,16773.5,-165.0,110.0,113.0,16:45,,1365,275.0,167.0,-3.0,0.7,-334.0
2023-05-28,Sun,17459.75,-51.0,-12.0,28.0,20:15,,135,39.0,76.0,-40.0,0.5,-346.0
2023-05-29,Mon,17443.5,-66.0,1.0,168.0,08:15,,855,67.0,101.0,-167.0,2.5,-345.0
2023-05-30,Tue,17439.5,-146.0,-110.0,32.0,19:45,,105,36.0,25.0,-142.0,0.2,-455.0
2023-06-04,Sun,17624.25,-70.0,0.0,113.0,13:00,,1140,70.0,100.0,-112.0,1.6,-455.0
2023-06-05,Mon,17623.5,-77.0,13.0,42.0,12:00,,1080,90.0,117.0,-29.0,0.5,-442.0
2023-06-06,Tue,17635.0,-288.0,-277.0,82.0,09:30,,930,11.0,4.0,-359.0,0.3,-719.0
2023-06-11,Sun,17603.0,-8.0,265.0,265.0,16:30,,1350,273.0,3519.0,0.0,33.1,-454.0
2023-06-12,Mon,17858.5,-38.0,107.0,151.0,09:00,,900,145.0,382.0,-44.0,4.0,-347.0
2023-06-13,Tue,17966.0,-132.0,125.0,136.0,16:45,,1365,257.0,195.0,-11.0,1.0,-222.0
2023-06-18,Sun,18160.25,-72.0,-65.0,19.0,18:00,,,7.0,10.0,-84.0,0.3,-286.0
2023-06-19,Mon,18100.0,-116.0,3.0,68.0,09:45,,945,119.0,103.0,-65.0,0.6,-283.0
2023-06-20,Tue,18104.75,-245.0,-210.0,26.0,20:30,,150,35.0,14.0,-236.0,0.1,-493.0
2023-06-25,Sun,17916.0,-205.0,-185.0,94.0,10:15,,975,20.0,10.0,-279.0,0.5,-185.0
2023-06-26,Mon,17732.5,-12.0,214.0,265.0,15:15,,1275,226.0,1843.0,-52.0,22.1,29.0
2023-06-27,Tue,17944.75,-66.0,69.0,132.0,12:15,,1095,135.0,205.0,-63.0,2.0,98.0
2023-07-02,Sun,18189.25,-24.0,25.0,61.0,04:45,,645,49.0,204.0,-36.0,2.5,123.0
2023-07-03,Mon,18214.25,-24.0,-12.0,18.0,18:00,,,12.0,50.0,-30.0,0.8,111.0
2023-07-04,Tue,18203.25,-90.0,9.0,86.0,10:30,,990,99.0,110.0,-77.0,1.0,120.0
2023-07-09,Sun,18053.5,-132.0,-3.0,24.0,16:00,,1320,130.0,98.0,-27.0,0.2,117.0
2023-07-10,Mon,18050.5,-84.0,70.0,87.0,15:45,,1305,154.0,183.0,-17.0,1.0,187.0
2023-07-11,Tue,18117.75,-7.0,198.0,248.0,10:15,,975,205.0,3030.0,-50.0,35.4,385.0
2023-07-16,Sun,18548.0,-29.0,136.0,197.0,15:15,,1275,166.0,566.0,-60.0,6.8,521.0
2023-07-17,Mon,18684.75,-94.0,121.0,203.0,15:15,,1275,214.0,229.0,-82.0,2.2,642.0
2023-07-18,Tue,18809.75,-41.0,-12.0,111.0,12:00,,1080,29.0,71.0,-122.0,2.7,630.0
2023-07-23,Sun,18413.5,-71.0,13.0,63.0,09:30,,930,84.0,118.0,-50.0,0.9,643.0
2023-07-24,Mon,18427.0,-20.0,156.0,167.0,14:45,,1245,177.0,872.0,-11.0,8.3,799.0
2023-07-25,Tue,18583.0,-210.0,-100.0,14.0,18:00,,,110.0,52.0,-114.0,0.1,699.0
2023-07-30,Sun,18707.25,-58.0,20.0,67.0,18:30,,30,78.0,133.0,-48.0,1.2,718.0
2023-07-31,Mon,18725.25,-140.0,-59.0,22.0,21:45,,225,80.0,58.0,-81.0,0.2,659.0
2023-08-01,Tue,18627.25,-356.0,-317.0,21.0,21:15,,195,40.0,11.0,-337.0,0.1,342.0
2023-08-06,Sun,18227.5,-35.0,121.0,126.0,16:45,,1365,156.0,442.0,-5.0,3.6,463.0
2023-08-07,Mon,18348.5,-275.0,-140.0,7.0,18:00,,,135.0,49.0,-147.0,0.0,323.0
2023-08-08,Tue,18209.25,-207.0,-148.0,81.0,03:00,,540,59.0,28.0,-229.0,0.4,175.0
2023-08-13,Sun,17962.75,-85.0,175.0,177.0,16:45,,1365,260.0,306.0,-3.0,2.1,350.0
2023-08-14,Mon,18139.5,-206.0,-172.0,53.0,21:15,,195,34.0,17.0,-225.0,0.3,178.0
2023-08-15,Tue,17970.75,-191.0,-175.0,53.0,04:30,,630,16.0,8.0,-228.0,0.3,3.0
2023-08-20,Sun,17621.0,-43.0,209.0,251.0,15:30,,1290,252.0,589.0,-42.0,5.8,212.0
2023-08-21,Mon,17829.75,-41.0,-9.0,147.0,08:30,,870,32.0,79.0,-155.0,3.6,203.0
2023-08-22,Tue,17821.75,-9.0,391.0,392.0,16:45,,1365,400.0,4569.0,-1.0,43.6,594.0
2023-08-27,Sun,17849.5,-19.0,107.0,135.0,09:30,,930,125.0,677.0,-28.0,7.1,701.0
2023-08-28,Mon,17953.75,-46.0,330.0,334.0,15:30,,1290,376.0,817.0,-4.0,7.3,1031.0
2023-08-29,Tue,18282.0,-63.0,88.0,100.0,12:45,,1125,151.0,240.0,-12.0,1.6,1119.0
2023-09-03,Sun,18375.5,-17.0,6.0,61.0,10:00,,960,23.0,132.0,-55.0,3.6,1125.0
2023-09-04,Mon,18386.5,-110.0,-11.0,58.0,14:45,,1245,99.0,90.0,-70.0,0.5,1114.0
2023-09-05,Tue,18370.25,-202.0,-125.0,20.0,20:15,,135,77.0,38.0,-145.0,0.1,989.0
2023-09-10,Sun,18165.75,-10.0,165.0,190.0,15:30,,1290,175.0,1705.0,-26.0,19.0,1153.0
2023-09-11,Mon,18326.5,-183.0,-162.0,13.0,02:45,,525,21.0,12.0,-175.0,0.1,991.0
2023-09-12,Tue,18163.25,-98.0,69.0,116.0,13:45,,1185,167.0,171.0,-47.0,1.2,1060.0
2023-09-17,Sun,18043.25,-53.0,41.0,77.0,12:30,,1110,94.0,177.0,-36.0,1.5,1101.0
2023-09-18,Mon,18084.0,-176.0,-41.0,18.0,07:15,,795,135.0,77.0,-59.0,0.1,1060.0
2023-09-19,Tue,18038.25,-251.0,-247.0,58.0,09:00,,900,4.0,1.0,-305.0,0.2,813.0
2023-09-24,Sun,17538.5,-97.0,72.0,77.0,16:30,,1350,169.0,175.0,-5.0,0.8,885.0
2023-09-25,Mon,17612.0,-286.0,-228.0,0.0,18:00,,,59.0,21.0,-228.0,,657.0
2023-09-26,Tue,17386.0,-139.0,41.0,95.0,15:00,,1260,180.0,129.0,-54.0,0.7,698.0
2023-10-02,Mon,17651.5,-341.0,-278.0,39.0,04:15,,615,63.0,19.0,-317.0,0.1,-278.0
2023-10-03,Tue,17374.5,-126.0,188.0,241.0,15:30,,1290,314.0,249.0,-53.0,1.9,-90.0
2023-10-08,Sun,17735.5,-127.0,119.0,137.0,14:45,,1245,246.0,194.0,-18.0,1.1,30.0
2023-10-09,Mon,17858.5,-26.0,84.0,185.0,11:45,,1065,110.0,422.0,-101.0,7.1,113.0
2023-10-10,Tue,17938.25,-26.0,132.0,139.0,16:15,,1335,158.0,613.0,-7.0,5.3,245.0
2023-10-15,Sun,17779.25,-37.0,184.0,218.0,15:15,,1275,221.0,601.0,-34.0,5.9,430.0
2023-10-16,Mon,17964.25,-255.0,-63.0,5.0,12:30,,1110,192.0,75.0,-67.0,0.0,367.0
2023-10-17,Tue,17902.5,-264.0,-181.0,0.0,18:00,,,84.0,32.0,-181.0,,187.0
2023-10-22,Sun,17338.25,-165.0,70.0,176.0,13:00,,1140,235.0,143.0,-105.0,1.1,257.0
2023-10-23,Mon,17405.5,-40.0,83.0,204.0,16:00,,1320,123.0,306.0,-121.0,5.1,340.0
2023-10-24,Tue,17491.0,-392.0,-367.0,23.0,18:00,,,24.0,6.0,-390.0,0.1,-28.0
2023-10-29,Sun,16988.5,-27.0,83.0,147.0,09:45,,945,110.0,410.0,-64.0,5.4,56.0
2023-10-30,Mon,17071.5,-101.0,40.0,92.0,15:00,,1260,141.0,140.0,-51.0,0.9,96.0
2023-10-31,Tue,17117.5,-47.0,302.0,304.0,15:45,,1305,349.0,743.0,-2.0,6.5,398.0
2023-11-05,Sun,17846.5,-49.0,36.0,71.0,09:30,,930,85.0,173.0,-35.0,1.4,434.0
2023-11-06,Mon,17876.25,-41.0,159.0,196.0,14:30,,1230,200.0,488.0,-37.0,4.8,593.0
2023-11-07,Tue,18031.5,-86.0,-12.0,46.0,09:45,,945,74.0,86.0,-58.0,0.5,581.0
2023-11-12,Sun,18245.25,-121.0,-29.0,15.0,18:00,,,92.0,76.0,-44.0,0.1,552.0
2023-11-13,Mon,18219.0,-8.0,334.0,359.0,15:15,,1275,342.0,4406.0,-26.0,44.9,886.0
2023-11-14,Tue,18553.75,-62.0,-49.0,155.0,08:30,,870,13.0,21.0,-204.0,2.5,837.0
2023-11-19,Sun,18550.75,-54.0,199.0,226.0,15:00,,1260,253.0,470.0,-27.0,4.2,1036.0
2023-11-20,Mon,18749.25,-178.0,-122.0,33.0,22:30,,270,56.0,32.0,-154.0,0.2,914.0
2023-11-21,Tue,18629.5,-28.0,75.0,203.0,09:30,,930,103.0,373.0,-128.0,7.2,989.0
2023-11-26,Sun,18668.0,-70.0,-5.0,81.0,13:15,,1155,65.0,93.0,-86.0,1.2,984.0
2023-11-27,Mon,18663.5,-59.0,48.0,68.0,11:30,,1050,107.0,181.0,-20.0,1.2,1032.0
2023-11-28,Tue,18714.25,-41.0,-14.0,153.0,09:30,,930,28.0,67.0,-167.0,3.7,1018.0
2023-12-03,Sun,18681.25,-301.0,-164.0,5.0,18:00,,,136.0,45.0,-170.0,0.0,854.0
2023-12-04,Mon,18520.25,-100.0,40.0,101.0,11:00,,1020,139.0,140.0,-61.0,1.0,894.0
2023-12-05,Tue,18558.25,-97.0,-85.0,140.0,09:30,,930,12.0,12.0,-225.0,1.4,809.0
2023-12-10,Sun,18751.5,-48.0,153.0,158.0,16:30,,1350,201.0,422.0,-5.0,3.3,962.0
2023-12-11,Mon,18900.75,-57.0,143.0,147.0,16:30,,1350,200.0,350.0,-4.0,2.6,1105.0
2023-12-12,Tue,19044.75,-22.0,164.0,209.0,15:00,,1260,185.0,860.0,-45.0,9.5,1268.0
2023-12-17,Sun,19267.5,-18.0,100.0,154.0,14:45,,1245,118.0,654.0,-54.0,8.6,1368.0
2023-12-18,Mon,19367.25,-9.0,106.0,110.0,16:00,,1320,115.0,1278.0,-4.0,12.2,1474.0
2023-12-19,Tue,19470.25,-266.0,-229.0,51.0,10:30,,990,37.0,14.0,-280.0,0.2,1245.0
2023-12-25,Mon,19410.75,0.0,127.0,148.0,15:30,,1290,127.0,,-22.0,,1371.0
2023-12-26,Tue,19532.25,-30.0,45.0,47.0,16:00,,1320,75.0,253.0,-2.0,1.6,1416.0
2024-01-01,Mon,19466.0,-397.0,-287.0,20.0,20:00,,120,110.0,28.0,-307.0,0.1,1129.0
2024-01-02,Tue,19187.25,-218.0,-198.0,0.0,18:00,,,20.0,9.0,-198.0,,931.0
2024-01-07,Sun,18919.5,-94.0,316.0,339.0,15:45,,1305,410.0,436.0,-24.0,3.6,1247.0
2024-01-08,Mon,19237.25,-132.0,39.0,79.0,13:00,,1140,171.0,130.0,-39.0,0.6,1286.0
2024-01-09,Tue,19276.75,-28.0,126.0,154.0,15:00,,1260,154.0,554.0,-28.0,5.5,1412.0
2024-01-14,Sun,19409.25,-26.0,6.0,61.0,02:00,,480,32.0,121.0,-56.0,2.3,6.0
2024-01-15,Mon,19413.25,-154.0,13.0,68.0,10:45,,1005,167.0,108.0,-56.0,0.4,18.0
2024-01-16,Tue,19426.75,-291.0,-120.0,2.0,18:00,,,171.0,59.0,-122.0,0.0,-102.0
2024-01-21,Sun,19913.0,-32.0,-10.0,119.0,09:30,,930,21.0,67.0,-129.0,3.7,-112.0
2024-01-22,Mon,19904.25,-48.0,94.0,101.0,16:45,,1365,142.0,297.0,-7.0,2.1,-18.0
2024-01-23,Tue,19998.75,0.0,82.0,243.0,12:45,,1125,82.0,,-161.0,,63.0
2024-01-28,Sun,19949.75,-46.0,197.0,214.0,15:15,,1275,243.0,525.0,-17.0,4.7,260.0
2024-01-29,Mon,20155.25,-242.0,-239.0,28.0,19:30,,90,3.0,1.0,-267.0,0.1,21.0
2024-01-30,Tue,19874.75,-206.0,-163.0,56.0,14:45,,1245,43.0,21.0,-219.0,0.3,-142.0
2024-02-04,Sun,20142.5,-142.0,8.0,50.0,14:45,,1245,149.0,105.0,-42.0,0.4,-135.0
2024-02-05,Mon,20149.25,-141.0,-53.0,66.0,02:45,,525,89.0,63.0,-119.0,0.5,-187.0
2024-02-06,Tue,20095.25,-19.0,208.0,228.0,10:45,,1005,227.0,1224.0,-20.0,12.0,21.0
2024-02-11,Sun,20486.5,-128.0,-110.0,82.0,11:30,,1050,19.0,15.0,-192.0,0.6,-89.0
2024-02-12,Mon,20377.0,-384.0,-231.0,34.0,03:00,,540,153.0,40.0,-265.0,0.1,-319.0
2024-02-13,Tue,20150.25,-34.0,172.0,184.0,15:45,,1305,205.0,608.0,-13.0,5.4,-148.0
2024-02-18,Sun,20175.75,-3.0,60.0,79.0,09:30,,930,63.0,1946.0,-19.0,26.3,-88.0
2024-02-19,Mon,20235.75,-336.0,-206.0,2.0,18:00,,,130.0,39.0,-207.0,0.0,-294.0
2024-02-20,Tue,20022.0,-202.0,135.0,141.0,16:45,,1365,337.0,167.0,-6.0,0.7,-158.0
2024-02-25,Sun,20410.0,-41.0,-14.0,97.0,12:30,,1110,27.0,67.0,-111.0,2.4,-172.0
2024-02-26,Mon,20401.0,-45.0,58.0,87.0,07:30,,810,104.0,229.0,-29.0,1.9,-114.0
2024-02-27,Tue,20461.25,-168.0,-154.0,6.0,18:00,,,14.0,8.0,-159.0,0.0,-267.0
2024-03-03,Sun,20782.25,-102.0,-90.0,43.0,04:00,,600,11.0,11.0,-134.0,0.4,-357.0
2024-03-04,Mon,20695.75,-416.0,-265.0,6.0,18:00,,,151.0,36.0,-271.0,0.0,-623.0
2024-03-05,Tue,20429.25,-40.0,57.0,192.0,12:30,,1110,97.0,245.0,-135.0,4.8,-565.0
2024-03-10,Sun,20505.25,-168.0,-58.0,2.0,18:00,,,110.0,65.0,-60.0,0.0,-623.0
2024-03-11,Mon,20458.5,-82.0,215.0,235.0,15:45,,1305,298.0,362.0,-20.0,2.9,-408.0
2024-03-12,Tue,20672.75,-189.0,-115.0,36.0,04:00,,600,74.0,39.0,-151.0,0.2,-523.0
2024-03-17,Sun,20275.0,-11.0,155.0,308.0,10:15,,975,166.0,1579.0,-153.0,28.0,-368.0
2024-03-18,Mon,20426.25,-171.0,50.0,66.0,14:30,,1230,220.0,129.0,-16.0,0.4,-318.0
2024-03-19,Tue,20477.25,-48.0,267.0,271.0,16:30,,1350,314.0,662.0,-4.0,5.6,-52.0
2024-03-24,Sun,20769.0,-152.0,-34.0,35.0,21:30,,210,118.0,78.0,-68.0,0.2,-85.0
2024-03-25,Mon,20736.25,-95.0,-54.0,85.0,07:00,,780,41.0,43.0,-139.0,0.9,-139.0
2024-03-26,Tue,20680.25,-100.0,28.0,94.0,09:15,,915,128.0,128.0,-66.0,0.9,-111.0
2024-03-31,Sun,20702.25,-86.0,-3.0,112.0,19:45,,105,83.0,97.0,-114.0,1.3,-114.0
2024-04-01,Mon,20700.0,-297.0,-155.0,16.0,04:15,,615,142.0,48.0,-171.0,0.1,-268.0
2024-04-02,Tue,20550.0,-115.0,41.0,104.0,11:30,,1050,156.0,136.0,-63.0,0.9,-227.0
2024-04-07,Sun,20548.75,-109.0,-35.0,31.0,10:45,,1005,74.0,68.0,-66.0,0.3,-263.0
2024-04-08,Mon,20519.25,-157.0,67.0,91.0,16:00,,1320,224.0,143.0,-24.0,0.6,-196.0
2024-04-09,Tue,20586.25,-330.0,-193.0,86.0,08:15,,855,138.0,42.0,-279.0,0.3,-388.0
2024-04-14,Sun,20354.0,-310.0,-277.0,199.0,09:15,,915,34.0,11.0,-476.0,0.6,-665.0
2024-04-15,Mon,20084.25,-91.0,14.0,106.0,14:00,,1200,105.0,115.0,-92.0,1.2,-651.0
2024-04-16,Tue,20100.0,-282.0,-234.0,71.0,09:15,,915,48.0,17.0,-305.0,0.3,-886.0
2024-04-21,Sun,19430.5,-80.0,117.0,220.0,14:30,,1230,197.0,247.0,-103.0,2.8,117.0
2024-04-22,Mon,19552.25,-65.0,310.0,317.0,16:45,,1365,374.0,580.0,-7.0,4.9,427.0
2024-04-23,Tue,19882.5,-200.0,-172.0,116.0,09:45,,945,29.0,14.0,-287.0,0.6,255.0
2024-04-28,Sun,20066.75,-73.0,46.0,85.0,09:30,,930,120.0,163.0,-38.0,1.2,301.0
2024-04-29,Mon,20115.0,-440.0,-405.0,8.0,22:30,,270,34.0,8.0,-414.0,0.0,-104.0
2024-04-30,Tue,19673.75,-73.0,2.0,320.0,15:00,,1260,75.0,103.0,-318.0,4.4,-102.0
2024-05-05,Sun,20249.0,-63.0,140.0,155.0,16:00,,1320,203.0,322.0,-15.0,2.5,38.0
2024-05-06,Mon,20387.0,-34.0,13.0,83.0,12:00,,1080,47.0,139.0,-70.0,2.4,51.0
2024-05-07,Tue,20397.25,-123.0,-36.0,47.0,10:45,,1005,87.0,71.0,-83.0,0.4,16.0
2024-05-12,Sun,20439.75,-9.0,48.0,99.0,09:30,,930,57.0,665.0,-51.0,11.0,64.0
2024-05-13,Mon,20487.0,-117.0,126.0,149.0,15:45,,1305,243.0,207.0,-23.0,1.3,190.0
2024-05-14,Tue,20613.25,-18.0,284.0,296.0,15:15,,1275,302.0,1653.0,-12.0,16.4,473.0
2024-05-19,Sun,20836.0,-2.0,112.0,161.0,12:45,,1125,114.0,5067.0,-49.0,80.5,585.0
2024-05-20,Mon,20950.0,-70.0,52.0,61.0,15:45,,1305,122.0,175.0,-9.0,0.9,637.0
2024-05-21,Tue,21001.25,-115.0,18.0,93.0,16:15,,1335,133.0,115.0,-76.0,0.8,654.0
2024-05-26,Sun,21077.25,-41.0,76.0,82.0,12:45,,1125,117.0,285.0,-6.0,2.0,730.0
2024-05-27,Mon,21152.25,-131.0,1.0,31.0,05:00,,660,131.0,100.0,-30.0,0.2,731.0
2024-05-28,Tue,21152.25,-210.0,-203.0,1.0,18:00,,,7.0,3.0,-204.0,0.0,528.0
2024-06-02,Sun,20791.5,-153.0,74.0,166.0,09:45,,945,227.0,148.0,-93.0,1.1,601.0
2024-06-03,Mon,20865.25,-152.0,43.0,90.0,14:45,,1245,195.0,129.0,-47.0,0.6,645.0
2024-06-04,Tue,20916.0,-18.0,374.0,377.0,16:30,,1350,393.0,2151.0,-3.0,20.9,1019.0
2024-06-09,Sun,21228.5,-53.0,80.0,104.0,15:15,,1275,133.0,251.0,-23.0,2.0,1099.0
2024-06-10,Mon,21308.25,-111.0,142.0,152.0,16:00,,1320,253.0,228.0,-10.0,1.4,1241.0
2024-06-11,Tue,21452.25,-18.0,360.0,362.0,16:45,,1365,378.0,2100.0,-2.0,20.1,1601.0
2024-06-16,Sun,21896.5,-51.0,233.0,317.0,14:00,,1200,284.0,559.0,-84.0,6.2,1834.0
2024-06-17,Mon,22127.75,-59.0,23.0,84.0,08:30,,870,82.0,139.0,-61.0,1.4,1857.0
2024-06-18,Tue,22145.75,-1.0,27.0,48.0,09:30,,930,28.0,2775.0,-22.0,48.0,1884.0
2024-06-23,Sun,21956.0,-286.0,-261.0,16.0,19:00,,60,25.0,9.0,-277.0,0.1,1623.0
2024-06-24,Mon,21700.25,-33.0,212.0,223.0,15:15,,1275,245.0,736.0,-11.0,6.8,1834.0
2024-06-25,Tue,21913.75,-71.0,-19.0,99.0,04:00,,600,52.0,73.0,-118.0,1.4,1815.0
2024-06-30,Sun,21913.0,-160.0,71.0,103.0,15:45,,1305,231.0,145.0,-32.0,0.6,1886.0
2024-07-01,Mon,21989.75,-138.0,192.0,212.0,15:45,,1305,331.0,239.0,-19.0,1.5,2079.0
2024-07-02,Tue,22185.25,-39.0,176.0,192.0,13:00,,1140,214.0,556.0,-17.0,4.9,2254.0
2024-07-07,Sun,22532.75,-12.0,94.0,97.0,15:45,,1305,106.0,898.0,-4.0,8.1,2348.0
2024-07-08,Mon,22622.25,-65.0,8.0,91.0,10:00,,960,72.0,112.0,-84.0,1.4,2355.0
2024-07-09,Tue,22629.5,-6.0,209.0,230.0,15:45,,1305,214.0,3726.0,-21.0,38.3,2564.0
2024-07-14,Sun,22520.5,-73.0,47.0,218.0,11:15,,1035,120.0,165.0,-171.0,3.0,2611.0
2024-07-15,Mon,22566.75,-161.0,-38.0,59.0,09:30,,930,124.0,77.0,-97.0,0.4,2574.0
2024-07-16,Tue,22533.75,-626.0,-575.0,6.0,18:00,,,51.0,8.0,-581.0,0.0,1999.0
2024-07-21,Sun,21689.5,-29.0,234.0,297.0,14:15,,1215,263.0,908.0,-62.0,10.2,2233.0
2024-07-22,Mon,21923.75,-114.0,-37.0,103.0,11:15,,1035,77.0,67.0,-140.0,0.9,2196.0
2024-07-23,Tue,21828.5,-720.0,-617.0,0.0,18:00,,,103.0,14.0,-617.0,,1579.0
2024-07-28,Sun,21114.5,-60.0,49.0,205.0,10:00,,960,109.0,182.0,-156.0,3.4,49.0
2024-07-29,Mon,21161.75,-493.0,-358.0,99.0,09:30,,930,135.0,27.0,-457.0,0.2,-309.0
2024-07-30,Tue,20811.75,-8.0,713.0,775.0,16:00,,1320,721.0,9009.0,-63.0,96.9,404.0
2024-08-04,Sun,20333.5,-1046.0,-252.0,2.0,18:00,,,794.0,76.0,-255.0,0.0,152.0
2024-08-05,Mon,20106.25,-203.0,-68.0,319.0,14:45,,1245,136.0,67.0,-386.0,1.6,84.0
2024-08-06,Tue,19982.0,-206.0,-183.0,518.0,09:45,,945,24.0,11.0,-701.0,2.5,-99.0
2024-08-11,Sun,20533.5,-77.0,32.0,174.0,11:00,,1020,109.0,141.0,-142.0,2.3,-67.0
2024-08-12,Mon,20585.75,-15.0,457.0,478.0,16:00,,1320,472.0,3093.0,-21.0,31.9,390.0
2024-08-13,Tue,21041.75,-175.0,48.0,104.0,11:45,,1065,222.0,127.0,-56.0,0.6,437.0
2024-08-18,Sun,21570.0,-103.0,225.0,245.0,16:30,,1350,328.0,317.0,-20.0,2.4,662.0
2024-08-19,Mon,21795.75,-111.0,-49.0,77.0,03:30,,570,62.0,56.0,-126.0,0.7,613.0
2024-08-20,Tue,21746.75,-34.0,111.0,177.0,10:30,,990,145.0,428.0,-66.0,5.2,724.0
2024-08-25,Sun,21729.75,-282.0,-238.0,58.0,04:00,,600,43.0,15.0,-297.0,0.2,485.0
2024-08-26,Mon,21497.0,-114.0,81.0,139.0,11:00,,1020,195.0,171.0,-58.0,1.2,566.0
2024-08-27,Tue,21579.75,-411.0,-324.0,52.0,04:45,,645,87.0,21.0,-376.0,0.1,242.0
2024-09-01,Sun,21541.75,-89.0,47.0,70.0,11:00,,1020,135.0,153.0,-23.0,0.8,289.0
2024-09-02,Mon,21588.5,-736.0,-651.0,36.0,18:00,,,85.0,11.0,-688.0,0.0,-362.0
2024-09-03,Tue,20932.75,-167.0,-29.0,124.0,11:00,,1020,138.0,83.0,-153.0,0.7,-391.0
2024-09-08,Sun,20341.25,-13.0,325.0,336.0,16:30,,1350,338.0,2647.0,-11.0,25.8,-66.0
2024-09-09,Mon,20665.5,-141.0,114.0,153.0,15:30,,1290,255.0,181.0,-39.0,1.1,48.0
2024-09-10,Tue,20783.5,-294.0,405.0,452.0,15:45,,1305,699.0,238.0,-47.0,1.5,452.0
2024-09-15,Sun,21440.0,-199.0,-80.0,49.0,19:45,,105,119.0,60.0,-129.0,0.2,372.0
2024-09-16,Mon,21368.0,-84.0,27.0,193.0,10:45,,1005,111.0,132.0,-166.0,2.3,399.0
2024-09-17,Tue,21396.5,-126.0,-53.0,213.0,14:00,,1200,73.0,58.0,-267.0,1.7,346.0
2024-09-22,Sun,21749.0,-84.0,24.0,125.0,23:15,,315,108.0,129.0,-101.0,1.5,370.0
2024-09-23,Mon,21775.25,-113.0,120.0,150.0,11:45,,1065,234.0,206.0,-29.0,1.3,491.0
2024-09-24,Tue,21894.25,-121.0,57.0,89.0,10:15,,975,178.0,148.0,-31.0,0.7,548.0
2024-09-29,Sun,21908.25,-141.0,35.0,89.0,15:45,,1305,176.0,125.0,-53.0,0.6,583.0
2024-09-30,Mon,21942.0,-414.0,-272.0,100.0,21:45,,225,142.0,34.0,-372.0,0.2,311.0
2024-10-01,Tue,21682.0,-139.0,87.0,118.0,11:15,,1035,226.0,163.0,-30.0,0.8,398.0
2024-10-06,Sun,21929.0,-271.0,-200.0,49.0,18:30,,30,71.0,26.0,-249.0,0.2,198.0
2024-10-07,Mon,21742.0,-130.0,254.0,298.0,15:45,,1305,384.0,296.0,-44.0,2.3,452.0
2024-10-08,Tue,22008.0,-103.0,151.0,184.0,15:45,,1305,254.0,247.0,-33.0,1.8,603.0
2024-10-13,Sun,22143.75,-51.0,204.0,246.0,10:00,,960,255.0,498.0,-43.0,4.8,807.0
2024-10-14,Mon,22347.5,-384.0,-303.0,22.0,09:30,,930,81.0,21.0,-325.0,0.1,504.0
2024-10-15,Tue,22050.0,-135.0,-16.0,58.0,01:45,,465,119.0,88.0,-73.0,0.4,489.0
2024-10-20,Sun,22205.75,-153.0,43.0,59.0,10:15,,975,196.0,128.0,-16.0,0.4,532.0
2024-10-21,Mon,22249.0,-179.0,-22.0,63.0,14:00,,1200,157.0,88.0,-85.0,0.4,510.0
2024-10-22,Tue,22232.75,-444.0,-248.0,20.0,03:15,,555,196.0,44.0,-267.0,0.0,263.0
2024-10-27,Sun,22234.0,-38.0,-17.0,153.0,06:00,,720,21.0,56.0,-170.0,4.0,246.0
2024-10-28,Mon,22218.0,-76.0,201.0,252.0,16:00,,1320,277.0,364.0,-51.0,3.3,447.0
2024-10-29,Tue,22435.0,-254.0,-220.0,65.0,21:45,,225,35.0,14.0,-284.0,0.3,227.0
2024-11-04,Mon,21838.0,-86.0,238.0,258.0,16:00,,1320,324.0,376.0,-20.0,3.0,238.0
2024-11-05,Tue,22075.0,-42.0,559.0,571.0,15:45,,1305,601.0,1448.0,-12.0,13.6,797.0
2024-11-10,Sun,22952.0,-144.0,-31.0,99.0,08:00,,840,113.0,78.0,-130.0,0.7,766.0
2024-11-11,Mon,22928.0,-163.0,-37.0,34.0,09:45,,945,126.0,77.0,-72.0,0.2,729.0
2024-11-12,Tue,22890.5,-123.0,-15.0,88.0,13:45,,1185,109.0,88.0,-103.0,0.7,715.0
2024-11-17,Sun,22214.75,-29.0,126.0,220.0,11:30,,1050,155.0,542.0,-94.0,7.6,841.0
2024-11-18,Mon,22344.25,-252.0,121.0,158.0,13:45,,1185,373.0,148.0,-38.0,0.6,961.0
2024-11-19,Tue,22476.0,-289.0,-27.0,78.0,03:15,,555,262.0,91.0,-104.0,0.3,934.0
2024-11-24,Sun,22619.0,-129.0,-8.0,172.0,09:30,,930,121.0,94.0,-180.0,1.3,927.0
2024-11-25,Mon,22620.0,-155.0,91.0,115.0,09:45,,945,246.0,159.0,-24.0,0.7,1018.0
2024-11-26,Tue,22708.25,-323.0,-192.0,21.0,21:15,,195,132.0,41.0,-213.0,0.1,826.0
2024-12-01,Sun,22704.5,-55.0,217.0,265.0,12:15,,1095,271.0,495.0,-49.0,4.8,1043.0
2024-12-02,Mon,22925.0,-80.0,109.0,114.0,16:15,,1335,189.0,236.0,-5.0,1.4,1152.0
2024-12-03,Tue,23031.25,-16.0,197.0,229.0,15:45,,1305,212.0,1348.0,-32.0,14.3,1348.0
2024-12-08,Sun,23358.75,-212.0,-176.0,58.0,03:00,,540,36.0,17.0,-234.0,0.3,1172.0
2024-12-09,Mon,23190.0,-127.0,-45.0,127.0,10:15,,975,82.0,64.0,-172.0,1.0,1127.0
2024-12-10,Tue,23148.25,-33.0,317.0,382.0,15:15,,1275,350.0,1075.0,-65.0,11.6,1444.0
2024-12-15,Sun,23495.25,-23.0,326.0,367.0,15:15,,1275,349.0,1516.0,-42.0,16.0,1770.0
2024-12-16,Mon,23824.5,-166.0,-107.0,16.0,23:15,,315,60.0,36.0,-123.0,0.1,1663.0
2024-12-17,Tue,23720.0,-996.0,-847.0,82.0,07:15,,795,149.0,15.0,-928.0,0.1,817.0
2024-12-22,Sun,22980.5,-91.0,172.0,211.0,14:15,,1215,263.0,290.0,-38.0,2.3,989.0
2024-12-23,Mon,23152.75,-30.0,308.0,311.0,13:00,,1140,338.0,1117.0,-4.0,10.4,1297.0
2024-12-29,Sun,23124.75,-458.0,-322.0,32.0,18:00,,,136.0,30.0,-354.0,0.1,975.0
2024-12-30,Mon,22805.25,-210.0,-156.0,134.0,07:00,,780,53.0,25.0,-290.0,0.6,819.0
2025-01-05,Sun,22946.0,-53.0,249.0,365.0,11:00,,1020,302.0,568.0,-116.0,6.9,1068.0
2025-01-06,Mon,23195.0,-502.0,-406.0,25.0,09:30,,930,96.0,19.0,-431.0,0.0,662.0
2025-01-07,Tue,22800.25,-220.0,-60.0,62.0,05:45,,705,161.0,73.0,-122.0,0.3,602.0
2025-01-12,Sun,22441.5,-334.0,-35.0,10.0,19:15,,75,299.0,90.0,-45.0,0.0,567.0
2025-01-13,Mon,22434.0,-247.0,-43.0,124.0,03:45,,585,204.0,82.0,-167.0,0.5,524.0
2025-01-14,Tue,22389.75,-67.0,400.0,477.0,15:15,,1275,467.0,697.0,-77.0,7.1,924.0
2025-01-19,Sun,23015.0,-74.0,80.0,179.0,09:30,,930,153.0,208.0,-100.0,2.4,1003.0
2025-01-20,Mon,23099.5,-315.0,88.0,100.0,16:00,,1320,403.0,128.0,-12.0,0.3,1091.0
2025-01-21,Tue,23214.0,-31.0,185.0,294.0,12:00,,1080,216.0,698.0,-109.0,9.5,1276.0
2025-01-26,Sun,23187.75,-1010.0,-470.0,0.0,18:00,,,540.0,53.0,-470.0,,806.0
2025-01-27,Mon,22754.0,-179.0,218.0,286.0,14:45,,1245,397.0,222.0,-68.0,1.6,1024.0
2025-01-28,Tue,22972.0,-190.0,17.0,139.0,03:30,,570,207.0,109.0,-123.0,0.7,1041.0
2025-02-02,Sun,22694.25,-340.0,274.0,298.0,16:45,,1365,614.0,181.0,-24.0,0.9,1315.0
2025-02-03,Mon,23006.25,-352.0,-8.0,103.0,11:30,,1050,344.0,98.0,-110.0,0.3,1307.0
2025-02-04,Tue,22980.0,-137.0,205.0,230.0,16:15,,1335,342.0,250.0,-24.0,1.7,1512.0
2025-02-09,Sun,22878.75,-50.0,372.0,429.0,10:45,,1005,422.0,848.0,-57.0,8.6,1885.0
2025-02-10,Mon,23246.0,-163.0,-40.0,39.0,10:45,,1005,123.0,76.0,-79.0,0.2,1845.0
2025-02-11,Tue,23216.0,-292.0,57.0,61.0,16:45,,1365,349.0,120.0,-4.0,0.2,1902.0
2025-02-16,Sun,23652.0,-46.0,-3.0,44.0,00:15,,375,43.0,94.0,-47.0,1.0,-3.0
2025-02-17,Mon,23643.5,-127.0,-5.0,91.0,03:00,,540,122.0,96.0,-95.0,0.7,-7.0
2025-02-18,Tue,23641.0,-109.0,-5.0,73.0,14:45,,1245,104.0,96.0,-78.0,0.7,-12.0
2025-02-23,Sun,23114.75,-294.0,-274.0,112.0,04:15,,615,20.0,7.0,-386.0,0.4,-286.0
2025-02-24,Mon,22854.25,-450.0,-245.0,13.0,18:00,,,205.0,46.0,-258.0,0.0,-531.0
2025-02-25,Tue,22639.0,-160.0,50.0,185.0,11:45,,1065,210.0,131.0,-135.0,1.2,-481.0
2025-03-02,Sun,22414.0,-683.0,-469.0,121.0,09:30,,930,214.0,31.0,-590.0,0.2,-950.0
2025-03-03,Mon,21939.0,-449.0,11.0,208.0,15:15,,1275,461.0,103.0,-197.0,0.5,-938.0
2025-03-04,Tue,21967.25,-338.0,57.0,172.0,15:00,,1260,395.0,117.0,-115.0,0.5,-881.0
2025-03-09,Sun,21563.5,-878.0,-678.0,7.0,22:30,,270,200.0,23.0,-684.0,0.0,-1559.0
2025-03-10,Mon,20853.0,-299.0,-39.0,249.0,14:45,,1245,260.0,87.0,-288.0,0.8,-1598.0
2025-03-11,Tue,20826.0,-25.0,159.0,377.0,08:30,,870,184.0,736.0,-218.0,15.1,-1439.0
2025-03-16,Sun,21083.5,-119.0,161.0,290.0,14:45,,1245,280.0,236.0,-129.0,2.4,-1278.0
2025-03-17,Mon,21245.5,-435.0,-336.0,28.0,18:30,,30,99.0,23.0,-364.0,0.1,-1614.0
2025-03-18,Tue,20908.5,-43.0,244.0,441.0,15:00,,1260,287.0,667.0,-197.0,10.3,-1370.0
2025-03-23,Sun,21259.0,-4.0,304.0,357.0,15:45,,1305,309.0,7259.0,-53.0,89.2,-1066.0
2025-03-24,Mon,21565.0,-66.0,159.0,167.0,16:30,,1350,225.0,340.0,-8.0,2.5,-907.0
2025-03-25,Tue,21719.75,-472.0,-423.0,24.0,20:30,,150,49.0,10.0,-446.0,0.1,-1329.0
2025-03-30,Sun,20524.5,-341.0,95.0,172.0,15:45,,1305,436.0,128.0,-77.0,0.5,-1234.0
2025-03-31,Mon,20619.75,-152.0,185.0,230.0,12:15,,1095,336.0,222.0,-46.0,1.5,-1050.0
2025-04-01,Tue,20804.5,-522.0,-461.0,448.0,16:15,,1335,61.0,12.0,-908.0,0.9,-1511.0
2025-04-06,Sun,18333.0,-674.0,503.0,1234.0,10:15,,975,1177.0,175.0,-731.0,1.8,-1007.0
2025-04-07,Mon,18857.0,-678.0,-418.0,707.0,10:15,,975,261.0,38.0,-1125.0,1.0,-1425.0
2025-04-08,Tue,18432.75,-491.0,2125.0,2162.0,15:45,,1305,2616.0,533.0,-37.0,4.4,700.0
2025-04-13,Sun,20370.5,-425.0,-260.0,92.0,09:15,,915,165.0,39.0,-352.0,0.2,440.0
2025-04-14,Mon,20110.5,-94.0,36.0,241.0,10:00,,960,130.0,139.0,-205.0,2.6,476.0
2025-04-15,Tue,20016.75,-694.0,-437.0,51.0,04:30,,630,257.0,37.0,-488.0,0.1,39.0
2025-04-20,Sun,19514.25,-608.0,-396.0,77.0,18:00,,,212.0,35.0,-473.0,0.1,-357.0
2025-04-21,Mon,19118.75,-48.0,447.0,602.0,12:15,,1095,496.0,1027.0,-154.0,12.5,91.0
2025-04-22,Tue,19825.0,0.0,232.0,548.0,10:30,,990,232.0,,-316.0,,323.0
2025-04-27,Sun,20731.25,-267.0,-41.0,98.0,09:45,,945,226.0,85.0,-139.0,0.4,282.0
2025-04-28,Mon,20686.5,-101.0,135.0,213.0,14:30,,1230,235.0,234.0,-78.0,2.1,416.0
2025-04-29,Tue,20801.75,-493.0,253.0,284.0,16:30,,1350,746.0,151.0,-30.0,0.6,670.0
2025-05-04,Sun,21388.75,-216.0,-141.0,18.0,18:00,,,75.0,35.0,-159.0,0.1,529.0
2025-05-05,Mon,21216.5,-272.0,-164.0,28.0,18:15,,15,108.0,40.0,-191.0,0.1,365.0
2025-05-06,Tue,21019.25,-134.0,145.0,324.0,18:00,,,279.0,208.0,-179.0,2.4,510.0
2025-05-11,Sun,21580.5,0.0,584.0,622.0,16:00,,1320,584.0,,-38.0,,1094.0
2025-05-12,Mon,22164.25,-139.0,297.0,390.0,13:30,,1170,437.0,313.0,-92.0,2.8,1391.0
2025-05-13,Tue,22455.0,-11.0,155.0,172.0,12:30,,1110,167.0,1480.0,-16.0,15.6,1547.0
2025-05-18,Sun,22520.25,-201.0,204.0,232.0,13:00,,1140,405.0,201.0,-28.0,1.2,1751.0
2025-05-19,Mon,22723.5,-219.0,-98.0,46.0,20:00,,120,121.0,55.0,-143.0,0.2,1653.0
2025-05-20,Tue,22620.5,-342.0,-269.0,145.0,12:45,,1125,74.0,21.0,-413.0,0.4,1384.0
2025-05-25,Sun,22185.5,-24.0,306.0,329.0,09:30,,930,329.0,1401.0,-23.0,13.7,306.0
2025-05-26,Mon,22491.25,-143.0,193.0,204.0,14:00,,1200,336.0,235.0,-11.0,1.4,499.0
2025-05-27,Tue,22685.25,-159.0,47.0,86.0,09:30,,930,205.0,129.0,-40.0,0.5,545.0
2025-06-01,Sun,22511.25,-142.0,250.0,272.0,16:15,,1335,392.0,277.0,-22.0,1.9,796.0
2025-06-02,Mon,22758.5,-154.0,136.0,208.0,13:15,,1155,290.0,189.0,-72.0,1.4,932.0
2025-06-03,Tue,22892.5,-45.0,62.0,117.0,14:30,,1230,107.0,238.0,-55.0,2.6,994.0
2025-06-08,Sun,23006.0,-83.0,22.0,93.0,10:30,,990,105.0,127.0,-71.0,1.1,1016.0
2025-06-09,Mon,23028.75,-90.0,130.0,170.0,15:00,,1260,220.0,244.0,-41.0,1.9,1145.0
2025-06-10,Tue,23157.5,-161.0,-68.0,143.0,08:30,,870,93.0,58.0,-211.0,0.9,1077.0
2025-06-15,Sun,22779.0,-62.0,379.0,441.0,11:15,,1035,441.0,712.0,-61.0,7.1,1457.0
2025-06-16,Mon,23158.5,-256.0,-210.0,14.0,18:00,,,45.0,18.0,-224.0,0.1,1246.0
2025-06-17,Tue,22932.5,-75.0,24.0,161.0,10:30,,990,99.0,132.0,-138.0,2.1,1270.0
2025-06-22,Sun,22643.25,-86.0,424.0,445.0,15:45,,1305,510.0,591.0,-21.0,5.2,1694.0
2025-06-23,Mon,23072.25,-13.0,332.0,371.0,15:00,,1260,345.0,2706.0,-38.0,28.5,2026.0
2025-06-24,Tue,23405.75,-26.0,62.0,138.0,09:30,,930,88.0,341.0,-76.0,5.3,2088.0
2025-06-29,Sun,23746.25,-1.0,115.0,183.0,15:45,,1305,116.0,9260.0,-68.0,183.0,2203.0
2025-06-30,Mon,23861.75,-273.0,-175.0,48.0,21:45,,225,98.0,36.0,-224.0,0.2,2027.0
2025-07-01,Tue,23691.5,-112.0,157.0,162.0,15:00,,1260,269.0,240.0,-6.0,1.4,2184.0
2025-07-06,Sun,23963.5,-188.0,-131.0,59.0,18:00,,,58.0,31.0,-189.0,0.3,2054.0
2025-07-07,Mon,23835.25,-31.0,63.0,132.0,03:45,,585,94.0,306.0,-69.0,4.3,2117.0
2025-07-08,Tue,23904.0,-66.0,134.0,202.0,10:00,,960,200.0,304.0,-68.0,3.1,2251.0
2025-07-13,Sun,23859.5,-62.0,172.0,203.0,13:30,,1170,234.0,376.0,-32.0,3.3,2423.0
2025-07-14,Mon,24031.5,-40.0,-19.0,186.0,09:30,,930,22.0,54.0,-205.0,4.7,2404.0
2025-07-15,Tue,24013.75,-183.0,44.0,81.0,15:30,,1290,227.0,124.0,-37.0,0.4,2449.0
2025-07-20,Sun,24235.0,-36.0,107.0,185.0,10:15,,975,142.0,401.0,-78.0,5.1,2555.0
2025-07-21,Mon,24333.0,-233.0,-140.0,30.0,21:45,,225,94.0,40.0,-169.0,0.1,2416.0
2025-07-22,Tue,24185.0,-48.0,221.0,227.0,16:30,,1350,268.0,565.0,-6.0,4.7,2637.0
2025-07-27,Sun,24511.0,-79.0,-7.0,69.0,02:00,,480,72.0,91.0,-76.0,0.9,2630.0
2025-07-28,Mon,24500.25,-83.0,-54.0,147.0,09:30,,930,30.0,35.0,-201.0,1.8,2576.0
2025-07-29,Tue,24446.5,-97.0,211.0,237.0,16:00,,1320,307.0,318.0,-26.0,2.4,2787.0
2025-08-03,Sun,23845.5,-29.0,501.0,503.0,16:45,,1365,530.0,1858.0,-2.0,17.3,3288.0
2025-08-04,Mon,24347.5,-271.0,-262.0,52.0,08:00,,840,9.0,3.0,-314.0,0.2,3026.0
2025-08-05,Tue,24087.0,-47.0,321.0,353.0,15:30,,1290,368.0,787.0,-32.0,7.5,3347.0
2025-08-10,Sun,24762.25,-180.0,-137.0,37.0,12:00,,1080,43.0,24.0,-175.0,0.2,3210.0
2025-08-11,Mon,24627.0,-36.0,317.0,321.0,16:45,,1365,353.0,980.0,-4.0,8.9,3526.0
2025-08-12,Tue,24942.25,-61.0,-20.0,122.0,09:30,,930,42.0,68.0,-141.0,2.0,3507.0
2025-08-17,Sun,24790.0,-76.0,-6.0,87.0,21:45,,225,71.0,93.0,-93.0,1.1,3501.0
2025-08-18,Mon,24794.0,-374.0,-326.0,41.0,18:00,,,48.0,13.0,-367.0,0.1,3176.0
2025-08-19,Tue,24451.0,-421.0,-137.0,33.0,18:00,,,284.0,67.0,-170.0,0.1,3038.0
2025-08-24,Sun,24595.0,-155.0,-98.0,17.0,11:45,,1065,57.0,37.0,-115.0,0.1,2941.0
2025-08-25,Mon,24505.25,-139.0,97.0,101.0,16:00,,1320,236.0,170.0,-4.0,0.7,3038.0
2025-08-26,Tue,24602.25,-178.0,-65.0,78.0,16:15,,1335,113.0,64.0,-143.0,0.4,2973.0
2025-08-31,Sun,24473.5,-107.0,24.0,77.0,20:15,,135,131.0,123.0,-53.0,0.7,24.0
2025-09-01,Mon,24497.75,-478.0,-124.0,8.0,18:00,,,354.0,74.0,-132.0,0.0,-99.0
2025-09-02,Tue,24376.5,-82.0,74.0,145.0,10:45,,1005,156.0,191.0,-71.0,1.8,-25.0
2025-09-07,Sun,24671.5,-26.0,122.0,212.0,10:45,,1005,148.0,569.0,-90.0,8.2,97.0
2025-09-08,Mon,24794.75,-73.0,89.0,118.0,16:30,,1350,163.0,222.0,-29.0,1.6,186.0
2025-09-09,Tue,24895.25,-115.0,-41.0,141.0,08:30,,870,74.0,64.0,-182.0,1.2,145.0
2025-09-14,Sun,25107.25,-37.0,184.0,204.0,15:45,,1305,220.0,599.0,-20.0,5.5,328.0
2025-09-15,Mon,25288.75,-37.0,-5.0,111.0,04:45,,645,32.0,86.0,-116.0,3.0,323.0
2025-09-16,Tue,25283.75,-289.0,-30.0,22.0,03:30,,570,260.0,90.0,-52.0,0.1,294.0
2025-09-21,Sun,25604.25,-103.0,145.0,176.0,15:15,,1275,248.0,241.0,-31.0,1.7,439.0
2025-09-22,Mon,25752.5,-221.0,-166.0,27.0,04:15,,615,55.0,25.0,-192.0,0.1,273.0
2025-09-23,Tue,25592.5,-212.0,-92.0,74.0,06:00,,720,120.0,57.0,-166.0,0.3,181.0
2025-09-28,Sun,25480.0,-4.0,84.0,248.0,10:00,,960,88.0,2507.0,-164.0,62.0,265.0
2025-09-29,Mon,25564.75,-90.0,27.0,102.0,15:45,,1305,116.0,130.0,-75.0,1.1,292.0
2025-09-30,Tue,25597.25,-211.0,165.0,193.0,14:45,,1245,375.0,178.0,-28.0,0.9,456.0
2025-10-05,Sun,25746.75,0.0,190.0,259.0,14:30,,1230,190.0,,-69.0,,646.0
2025-10-06,Mon,25936.75,-199.0,-129.0,91.0,09:00,,900,70.0,35.0,-220.0,0.5,517.0
2025-10-07,Tue,25807.75,-29.0,300.0,310.0,16:15,,1335,328.0,1142.0,-10.0,10.7,817.0
2025-10-12,Sun,25234.75,0.0,423.0,483.0,14:30,,1230,423.0,,-60.0,,1240.0
2025-10-13,Mon,25657.75,-482.0,-149.0,140.0,20:30,,150,333.0,69.0,-289.0,0.3,1091.0
2025-10-14,Tue,25505.25,-89.0,190.0,365.0,10:15,,975,279.0,313.0,-176.0,4.1,1280.0
2025-10-19,Sun,25819.75,-111.0,259.0,288.0,13:30,,1170,370.0,334.0,-29.0,2.6,1539.0
2025-10-20,Mon,26079.0,-123.0,-61.0,42.0,22:30,,270,62.0,50.0,-103.0,0.3,1478.0
2025-10-21,Tue,26029.75,-472.0,-237.0,62.0,02:45,,525,235.0,50.0,-299.0,0.1,1241.0
2025-10-26,Sun,26451.25,0.0,306.0,328.0,16:30,,1350,306.0,,-22.0,,1547.0
2025-10-27,Mon,26755.25,-60.0,170.0,230.0,15:30,,1290,230.0,382.0,-60.0,3.8,1717.0
2025-10-28,Tue,26933.0,-133.0,44.0,198.0,16:00,,1320,176.0,133.0,-155.0,1.5,1760.0
2025-11-02,Sun,26778.75,-14.0,84.0,240.0,09:30,,930,97.0,719.0,-156.0,17.1,1844.0
2025-11-03,Mon,26858.25,-589.0,-530.0,0.0,18:00,,,59.0,10.0,-530.0,,1314.0
2025-11-04,Tue,26297.75,-262.0,184.0,334.0,14:45,,1245,446.0,170.0,-150.0,1.3,1497.0
2025-11-09,Sun,26072.5,-51.0,401.0,440.0,15:45,,1305,452.0,887.0,-39.0,8.6,1899.0
2025-11-10,Mon,26473.75,-243.0,-62.0,48.0,19:00,,60,181.0,75.0,-110.0,0.2,1837.0
2025-11-11,Tue,26429.25,-188.0,-51.0,154.0,05:00,,660,137.0,73.0,-205.0,0.8,1786.0
2025-11-16,Sun,25896.75,-412.0,-238.0,218.0,03:45,,585,174.0,42.0,-456.0,0.5,1548.0
2025-11-17,Mon,25657.5,-525.0,-373.0,55.0,20:45,,165,152.0,29.0,-428.0,0.1,1175.0
2025-11-18,Tue,25299.75,-101.0,413.0,441.0,10:15,,975,513.0,511.0,-28.0,4.4,1587.0
2025-11-23,Sun,25202.5,-89.0,513.0,544.0,15:45,,1305,601.0,679.0,-31.0,6.1,2100.0
2025-11-24,Mon,25726.0,-371.0,91.0,163.0,15:45,,1305,463.0,125.0,-71.0,0.4,2191.0
2025-11-25,Tue,25822.75,-8.0,245.0,306.0,11:30,,1050,253.0,3064.0,-61.0,38.2,2436.0
2025-11-30,Sun,26236.75,-291.0,-84.0,58.0,18:00,,,207.0,71.0,-142.0,0.2,2352.0
2025-12-01,Mon,26175.5,-99.0,184.0,247.0,10:45,,1005,283.0,286.0,-63.0,2.5,2536.0
2025-12-02,Tue,26366.25,-193.0,32.0,72.0,15:15,,1275,225.0,117.0,-40.0,0.4,2568.0
2025-12-07,Sun,26501.25,-185.0,-42.0,112.0,09:30,,930,143.0,77.0,-154.0,0.6,-42.0
2025-12-08,Mon,26465.75,-153.0,-37.0,26.0,13:45,,1185,117.0,76.0,-62.0,0.2,-79.0
2025-12-09,Tue,26433.75,-153.0,119.0,189.0,15:15,,1275,272.0,178.0,-70.0,1.2,41.0
2025-12-14,Sun,25967.25,-180.0,-112.0,196.0,09:30,,930,68.0,38.0,-308.0,1.1,-71.0
2025-12-15,Mon,25863.0,-282.0,-35.0,88.0,15:45,,1305,248.0,88.0,-123.0,0.3,-106.0
2025-12-16,Tue,25840.0,-445.0,-381.0,175.0,07:45,,825,64.0,14.0,-556.0,0.4,-487.0
2025-12-21,Sun,26142.0,-6.0,66.0,160.0,09:30,,930,71.0,1291.0,-95.0,26.7,-422.0
2025-12-22,Mon,26208.25,-93.0,110.0,121.0,16:00,,1320,203.0,219.0,-11.0,1.3,-311.0
2025-12-23,Tue,26319.0,-35.0,50.0,80.0,12:45,,1125,84.0,244.0,-31.0,2.3,-262.0
2025-12-28,Sun,26376.0,-221.0,-125.0,25.0,19:45,,105,97.0,44.0,-149.0,0.1,-386.0
2025-12-29,Mon,26254.5,-79.0,-71.0,47.0,11:15,,1035,8.0,10.0,-118.0,0.6,-457.0
2025-12-30,Tue,26185.25,-252.0,-244.0,40.0,09:00,,900,8.0,3.0,-284.0,0.2,-701.0
2026-01-04,Sun,25937.0,-24.0,149.0,278.0,11:45,,1065,173.0,719.0,-130.0,11.6,-552.0
2026-01-05,Mon,26088.0,-54.0,250.0,257.0,15:45,,1305,304.0,563.0,-7.0,4.8,-302.0
2026-01-06,Tue,26341.5,-108.0,2.0,164.0,12:30,,1110,110.0,102.0,-162.0,1.5,-300.0
2026-01-11,Sun,26453.5,-314.0,-4.0,74.0,15:00,,1260,310.0,99.0,-78.0,0.2,-304.0
2026-01-12,Mon,26455.0,-145.0,-50.0,98.0,08:30,,870,95.0,66.0,-148.0,0.7,-354.0
2026-01-13,Tue,26407.0,-479.0,-290.0,26.0,22:30,,270,189.0,40.0,-316.0,0.1,-644.0
2026-01-18,Sun,26063.0,-320.0,-158.0,3.0,18:00,,,162.0,51.0,-161.0,0.0,-802.0
2026-01-19,Mon,25903.25,-301.0,-253.0,43.0,21:45,,225,48.0,16.0,-296.0,0.1,-1055.0
2026-01-20,Tue,25654.0,-121.0,362.0,506.0,15:00,,1260,483.0,399.0,-144.0,4.2,-693.0
2026-01-25,Sun,26097.25,-191.0,272.0,343.0,13:30,,1170,462.0,242.0,-71.0,1.8,-421.0
2026-01-26,Mon,26364.25,-18.0,252.0,262.0,16:45,,1365,270.0,1541.0,-10.0,14.6,-169.0
2026-01-27,Tue,26619.0,-116.0,157.0,237.0,01:30,,450,272.0,235.0,-81.0,2.0,-13.0
2026-02-01,Sun,26037.0,-350.0,343.0,419.0,13:45,,1185,693.0,198.0,-76.0,1.2,331.0
2026-02-02,Mon,26380.25,-655.0,-452.0,155.0,02:45,,525,204.0,31.0,-606.0,0.2,-121.0
2026-02-03,Tue,25897.25,-606.0,-272.0,124.0,02:45,,525,334.0,55.0,-396.0,0.2,-393.0
2026-02-08,Sun,25657.25,-195.0,211.0,279.0,14:30,,1230,406.0,208.0,-68.0,1.4,-182.0
2026-02-09,Mon,25868.25,-164.0,-104.0,86.0,10:00,,960,60.0,37.0,-189.0,0.5,-286.0
2026-02-10,Tue,25761.0,-196.0,24.0,212.0,09:30,,930,220.0,112.0,-188.0,1.1,-262.0
2026-02-15,Sun,25296.25,-119.0,-43.0,133.0,04:15,,615,76.0,64.0,-176.0,1.1,-305.0
2026-02-16,Mon,25253.0,-297.0,24.0,144.0,14:30,,1230,321.0,108.0,-119.0,0.5,-281.0
2026-02-17,Tue,25293.0,-84.0,151.0,343.0,12:00,,1080,235.0,280.0,-192.0,4.1,-130.0
2026-02-22,Sun,25543.0,-368.0,-249.0,23.0,18:00,,,119.0,32.0,-272.0,0.1,-379.0
2026-02-23,Mon,25294.0,-93.0,230.0,294.0,13:00,,1140,323.0,347.0,-64.0,3.2,-149.0
2026-02-24,Tue,25527.5,-28.0,440.0,475.0,16:30,,1350,469.0,1658.0,-34.0,17.0,292.0
2026-03-01,Sun,25191.75,-208.0,313.0,415.0,14:45,,1245,521.0,251.0,-103.0,2.0,604.0
2026-03-02,Mon,25509.75,-652.0,-291.0,9.0,18:00,,,361.0,55.0,-300.0,0.0,313.0
2026-03-03,Tue,25218.5,-213.0,426.0,506.0,14:00,,1200,639.0,300.0,-79.0,2.4,739.0
2026-03-08,Sun,25007.0,-501.0,458.0,555.0,15:30,,1290,959.0,191.0,-97.0,1.1,1198.0
2026-03-09,Mon,25485.0,-146.0,31.0,240.0,13:15,,1155,176.0,121.0,-209.0,1.6,1228.0
2026-03-10,Tue,25522.0,-141.0,-68.0,165.0,10:00,,960,74.0,52.0,-233.0,1.2,1161.0
2026-03-15,Sun,24794.75,-18,372,529,15:00,,1260,390,2194,-157,29.4,372
2026-03-16,Mon,25169.25,-147,151,239,09:45,,945,298,203,-88,1.6,523
2026-03-17,Tue,25319.25,-462,-420,185,02:15,,495,42,9,-605,0.4,103
2026-03-22,Sun,24207.25,-141,486,850,07:00,,780,628,444,-363,6,589
2026-03-23,Mon,24701.5,-274,-5,140,16:15,,1335,269,98,-144,0.5,585
2026-03-24,Tue,24715.75,-135,-54,118,08:00,,840,81,60,-172,0.9,530
2026-03-29,Sun,23484.75,-167,-86,389,07:15,,795,82,49,-474,2.3,445
2026-03-30,Mon,23405.25,-152,793,862,15:45,,1305,944,623,-69,5.7,1238
2026-03-31,Tue,24188.25,-15,293,454,13:00,,1140,308,2088,-161,30.3,1531
2026-04-05,Sun,24386.5,-112,257,360,10:00,,960,369,329,-103,3.2,1787
2026-04-06,Mon,24635.25,-401,56,110,16:30,,1350,456,114,-54,0.3,1843
2026-04-07,Tue,24783.25,-130,549,767,08:00,,840,679,522,-219,5.9,2392
2026-04-12,Sun,25297.5,-90,581,586,16:30,,1350,671,747,-5,6.5,2973
2026-04-13,Mon,25874.25,-22,410,424,16:00,,1320,431,2006,-15,19.3,3383
2026-04-14,Tue,26280,-52,373,391,15:45,,1305,426,814,-17,7.5,3756
2026-04-19,Sun,26896.5,-69,171,223,09:30,,930,240,350,-52,3.2,3927
2026-04-20,Mon,27069.75,-225,-55,126,07:30,,810,170,76,-180,0.6,3872
2026-04-21,Tue,27028.25,-7,371,403,16:00,,1320,378,5396,-32,57.6,4243
2026-04-26,Sun,27697.25,-106,14,138,22:00,,240,120,113,-124,1.3,4257
2026-04-27,Mon,27719,-420,-235,87,20:00,,120,185,44,-322,0.2,4023
2026-04-28,Tue,27489.25,-107,-46,215,16:00,,1320,62,57,-261,2,3977
2026-05-03,Sun,28181.25,-274,-145,79,01:15,,435,129,47,-223,0.3,3833
2026-05-04,Mon,28047.25,-27,454,493,16:15,,1335,481,1813,-39,18.3,4287
2026-05-05,Tue,28539.75,-1,467,554,16:00,,1320,468,37420,-87,554,4753
2026-05-10,Sun,29587.75,-72,104,186,12:00,,1080,177,244,-82,2.6,4857
2026-05-11,Mon,29693,-659,-266,57,18:45,,45,392,60,-323,0.1,4591
2026-05-12,Tue,29441.25,-92,389,417,14:15,,1215,481,524,-28,4.5,4980
2026-05-17,Sun,29428.5,-321,-60,285,08:45,,885,261,81,-345,0.9,4920
2026-05-18,Mon,29393.25,-437,-201,90,20:15,,135,236,54,-291,0.2,4719
2026-05-19,Tue,29223.25,-134,348,467,16:00,,1320,482,360,-119,3.5,5067
2026-05-24,Sun,29969,-4,287,319,01:15,,435,291,7760,-32,79.8,5355
2026-05-25,Mon,30255,-219,82,157,10:30,,990,301,137,-76,0.7,5436
2026-05-26,Tue,30347,-178,71,326,08:15,,855,249,140,-255,1.8,5508
2026-05-31,Sun,30709.75,-126,107,276,13:45,,1185,233,185,-168,2.2,5615
2026-06-01,Mon,30836,-225,200,221,16:00,,1320,425,189,-21,1,5815
2026-06-02,Tue,31036.25,-265,-249,65,09:30,,930,17,6,-314,0.2,5566
2026-06-07,Sun,29136.75,-23,593,900,11:15,,1035,616,2737,-306,39.1,6160
2026-06-08,Mon,29730,-1210,-297,410,09:45,,945,913,75,-707,0.3,5863
2026-06-09,Tue,29395.25,-692,-631,149,10:30,,990,62,9,-780,0.2,5232
2026-06-14,Sun,30100,0,731,819,12:15,,1095,731,,-87,,5963
2026-06-15,Mon,30833,-559,-533,143,07:15,,795,27,5,-675,0.3,5431
2026-06-16,Tue,30314,-392,-173,270,04:00,,600,219,56,-444,0.7,5257
